año,trimestre,provincia,otros,"0,256_mbps","0,5_mbps","0,512_mbps","0,75_mbps",1_mbps,2_mbps,3_mbps,"3,5_mbps",4_mbps,5_mbps,6_mbps,7_mbps,8_mbps,9_mbps,10_mbps,11_mbps,12_mbps,15_mbps,16_mbps,18_mbps,20_mbps,24_mbps,25_mbps,30_mbps,35_mbps,40_mbps,50_mbps,60_mbps,100_mbps,120_mbps,150_mbps,200_mbps,300_mbps,500_mbps,1000_mbps
2024,1,Buenos Aires,125147,18,25815,169,4611,17899,19520,43554,41735,13365,27327,75439,11286,63826,688,157372,10,21114,94414,231,1080,124540,106,42701,782651,1373,5574,504344,75495,865122,496,484778,7739,1060257,149680,156691
2024,1,Capital Federal,0,31,451,34,1307,4111,249,3971,11975,994,3547,9017,7,16864,3,34541,5,92,29730,5,0,7537,0,433,58579,24,238,66357,17314,375600,30,147085,3301,553467,86440,68405
2024,1,Catamarca,70,0,34,37,0,176,115,1644,0,1,332,780,0,0,0,3424,0,31,1901,0,0,2272,914,47,861,0,0,35211,0,17716,0,0,42,8099,372,20
2024,1,Chaco,3816,0,234,2,0,416,780,2925,167,385,5115,4784,106,700,1,8237,0,137,3421,0,0,1975,0,3435,2294,19,0,33117,0,55941,650,0,1053,23172,1610,150
2024,1,Chubut,16640,8,69,34,836,247,1870,5642,11441,6185,4369,14321,76,13374,21,18414,1,5603,13739,141,0,3484,8047,5560,7643,0,29,31184,2,1255,0,0,1,158,3,0
2024,1,Córdoba,14710,2,87,10,83,7973,7589,25408,4897,10133,8411,53772,1818,10313,714,74948,88,7337,19975,134,58,19378,2,23046,6694,8,1368,242593,5952,295368,891,27,11502,198178,18929,3190
2024,1,Corrientes,6242,0,10,57,118,2572,1721,5092,480,1718,2751,6875,0,4890,0,11640,0,8,1673,3548,0,2451,0,1421,589,0,2834,31709,0,37081,1705,0,2442,25789,1851,266
2024,1,Entre Ríos,13975,1,20,86,113,4177,4821,6815,390,2334,5417,14797,358,2399,0,48690,0,1486,5069,1,0,9566,0,863,6383,0,0,40205,0,69813,780,1,2043,51544,3543,708
2024,1,Formosa,302,1,49,35,0,158,1447,10284,0,3296,2059,5047,108,162,0,10654,0,40,1172,0,0,2964,0,9,268,3,13,1361,0,11492,0,0,0,11104,581,109
2024,1,Jujuy,1970,0,26,32,0,1268,1637,2959,0,2889,5128,2351,10,946,0,10327,0,23495,362,0,4,4687,0,8,268,0,0,45106,0,9395,0,0,1,4381,281,19
2024,1,La Pampa,1599,3,6,62,143,1276,2312,6114,2327,2454,2198,29499,516,1562,0,15195,0,1,5102,0,0,10118,0,1543,3792,1,2900,23478,1939,5863,1290,0,8,474,129,8
2024,1,La Rioja,0,0,9,9,0,407,8,404,0,2,180,742,0,85,0,1481,22,15442,287,0,0,9019,209,0,4503,0,0,36934,0,11474,0,0,137,5936,469,23
2024,1,Mendoza,5566,2,86,16,737,2208,3081,4179,10699,1584,1108,13894,13,10780,1251,8856,0,4467,19102,0,0,6480,626,155,53012,0,4,111499,1,28343,1,0,447,10984,642,33
2024,1,Misiones,8526,0,47,4,0,3173,11019,3874,4,1705,3170,7110,7855,29,0,18485,1,116,1227,0,0,8468,0,8,3649,0,71,37533,19,51195,502,1027,5008,25109,1418,229
2024,1,Neuquén,20168,1,62,73,458,539,1626,5303,10737,1438,7821,8457,246,6119,0,7117,0,3775,5148,0,0,1567,0,259,14327,0,66,8573,7,30680,0,4,0,26468,2734,469
2024,1,Río Negro,15576,1,36,75,501,534,677,5428,7796,727,2135,8737,0,11085,1,6555,18,1640,9894,0,3,5636,0,7618,16244,2,33,16821,259,22385,233,33,26,17629,971,228
2024,1,Salta,6646,0,41,73,1,925,1538,5731,8,8365,4873,6837,330,6869,0,57331,0,88,1392,0,4,1707,0,2,75,0,0,29271,0,38867,35,0,1,28286,1664,355
2024,1,San Juan,22755,0,21,3,723,1298,606,4403,11509,251,309,4967,86,9157,9,3778,0,799,9836,0,0,962,627,339,10448,0,0,18638,1,3254,0,0,0,1790,6,0
2024,1,San Luis,5968,0,59,1,163,465,491,2772,1418,2,347,6288,3,2622,49,21080,0,5632,1836,0,0,1485,0,70721,136,0,35,7623,0,1983,0,0,0,740,29,23645
2024,1,Santa Cruz,33803,4,26,20,218,209,724,1259,2001,504,1272,2004,1,2360,4,7212,0,251,6224,0,1,706,31,1454,5592,1139,3,7710,0,1386,0,587,102,0,142,0
2024,1,Santa Fe,16168,32,335,101,5,6412,6337,22748,164,5400,17998,23175,4114,10561,1464,136891,0,1200,25445,31,8,31836,39,12483,16119,41,5817,179739,1892,210827,1219,1621,10211,146478,9107,1317
2024,1,Santiago Del Estero,917,2,39,139,908,226,381,5230,0,1220,409,4881,352,114,0,52745,0,14787,241,0,0,9253,0,18,5778,0,41,6701,1,10229,0,0,0,8542,664,54
2024,1,Tierra Del Fuego,7121,0,11,11,318,516,2,3,3740,1873,430,4121,0,8034,4,1636,0,3518,8105,0,200,216,1280,14491,196,486,7,4035,81,415,0,30,3,670,0,0
2024,1,Tucumán,488,0,19,20,0,927,116,4696,2271,44,1025,8075,146,145,1,19626,0,12926,2031,0,0,8306,514,84,983,12,2,80426,1,75387,0,0,3,41670,2841,148
2023,4,Buenos Aires,93351,19,26703,187,4611,19351,19722,45905,41735,13303,27318,80160,10458,64046,688,163158,10,21178,96474,231,1080,126797,106,46328,783481,1373,5567,491903,75470,842124,483,487974,7297,1068984,157633,150635
2023,4,Capital Federal,0,31,451,34,1307,3237,257,2764,11975,993,3561,6859,7,16864,3,31209,5,92,29275,5,0,4548,0,433,58451,24,238,60820,17314,365367,27,147083,3249,542567,95209,67156
2023,4,Catamarca,77,0,34,37,0,209,115,1718,0,1,332,899,0,0,0,3734,0,31,1935,0,0,2457,914,47,866,0,0,35008,0,16953,0,0,42,8128,423,8
2023,4,Chaco,4040,0,234,2,0,477,780,3087,167,385,5146,5246,442,700,1,9218,0,137,3556,0,0,2554,0,3435,2305,19,0,32479,0,44796,659,0,1115,23740,1818,148
2023,4,Chubut,16589,8,69,34,836,252,1965,5780,11441,6299,4369,14422,76,13374,21,17931,1,5603,13627,141,0,3415,8047,5560,7578,0,29,31134,2,1188,0,0,1,116,2,0
2023,4,Córdoba,17061,2,87,10,83,8321,7703,27764,4897,11645,7361,57516,2669,10080,714,77701,88,9064,20671,134,58,20995,2,21673,5073,8,277,231377,4951,300200,75,27,488,201263,21206,2843
2023,4,Corrientes,6484,0,10,57,118,2771,1721,5543,480,1718,2751,7736,0,5034,0,12950,0,8,1712,3548,0,2840,0,1405,3696,0,96,30671,0,36195,1060,0,2097,26147,2036,235
2023,4,Entre Ríos,14382,1,20,86,113,4295,4821,7472,390,2414,6056,15997,1138,2399,0,50840,0,1486,5452,1,0,9734,0,863,6391,0,0,37313,0,66726,780,1,1755,52916,3998,650
2023,4,Formosa,350,1,49,35,0,179,1457,10172,0,3296,1717,5214,108,137,0,11318,0,40,1203,0,0,3302,0,8,268,2,32,936,0,10295,0,0,0,11123,661,99
2023,4,Jujuy,1980,0,26,32,0,1343,1637,3070,0,2889,5128,2635,10,946,0,10768,0,23495,377,0,4,4865,0,8,264,0,0,44881,0,8682,0,0,1,4228,325,16
2023,4,La Pampa,1610,3,6,62,143,1187,2917,6406,2327,2454,2198,30229,516,1562,0,15200,73,1,4485,0,0,9997,0,1543,3971,1,2497,22686,1821,5437,1159,0,2,458,122,5
2023,4,La Rioja,0,0,9,9,0,435,8,434,0,2,180,859,0,85,0,1701,22,15442,320,0,0,9054,209,0,4502,0,0,36327,0,11266,0,0,137,6173,539,8
2023,4,Mendoza,5499,2,86,16,737,2208,3097,4180,10699,1659,1099,13894,13,10780,1251,8858,0,4467,19102,0,0,6482,626,155,53170,0,4,110773,1,28007,1,0,232,9250,547,25
2023,4,Misiones,8925,0,47,4,0,3248,11038,4139,4,1742,5157,10207,2603,45,4,18870,4,120,2289,1,1,8921,0,8,3861,0,71,35071,19,47697,494,0,5010,25582,1576,207
2023,4,Neuquén,20176,1,62,73,458,540,1626,5311,10737,1438,7822,8497,246,6119,0,7120,0,3775,5148,0,0,1511,0,259,14326,0,66,8291,7,30629,0,4,0,26844,3083,451
2023,4,Río Negro,15586,1,36,75,501,538,777,5465,7796,727,3042,9416,0,11012,1,5595,18,1640,9727,0,3,6955,0,13679,16243,2,33,6117,259,22368,233,33,26,17711,1119,200
2023,4,Salta,6685,0,41,73,1,1153,1538,5943,8,8365,4650,7565,330,6869,0,58739,0,88,1565,0,4,2077,11,2,68,0,74,29002,0,37844,357,0,1,28606,1846,309
2023,4,San Juan,22649,0,21,3,723,1298,606,4403,11509,1048,309,3282,86,9292,9,3495,0,799,10728,0,0,962,627,339,10448,0,0,18605,1,1342,0,0,0,540,4,0
2023,4,San Luis,917,0,59,1,163,465,491,2772,1418,1,347,6288,3,2622,49,21080,0,5632,1836,0,0,1484,0,75773,136,0,35,7032,0,1500,0,0,0,566,24,23645
2023,4,Santa Cruz,33434,4,26,20,218,282,724,1259,2001,504,1272,2004,1,2360,4,8418,0,1342,4674,0,725,4817,31,1454,2150,516,3,9864,0,3993,0,587,1015,0,143,0
2023,4,Santa Fe,16426,32,335,101,5,6840,6339,24429,164,5409,19733,25797,5124,10561,1440,146894,0,748,21307,31,8,37467,39,8903,13336,41,2208,170473,295,202793,852,1621,9826,148409,10179,1175
2023,4,Santiago Del Estero,930,2,39,139,908,265,381,5389,0,1220,409,5312,352,114,0,53514,0,14787,322,0,0,9405,0,17,5777,0,41,4724,1,9197,0,0,0,8785,755,38
2023,4,Tierra Del Fuego,7879,0,11,11,318,516,2,3,3740,1886,422,4230,0,8034,4,4580,0,10583,8537,0,200,216,1280,4576,264,486,7,2718,66,375,0,28,1,624,0,0
2023,4,Tucumán,562,0,19,20,0,1089,116,5440,2271,448,1025,9550,146,145,1,22525,0,12926,2226,0,0,9324,514,84,984,12,2,77442,1,72631,0,0,3,42323,3219,100
2023,3,Buenos Aires,122762,19,27234,187,4611,20209,21278,50596,41735,13518,28937,85697,9476,64724,653,165472,10,24060,96176,266,1021,124171,110,48588,782500,1365,5343,473258,65468,828830,483,500206,8094,1075229,161518,81238
2023,3,Capital Federal,0,31,451,34,1307,3383,271,3040,11975,994,3564,8245,7,16651,3,34238,5,11,29266,5,0,4774,0,591,58484,9,122,60721,14892,366457,27,150936,3244,556665,98408,36320
2023,3,Catamarca,92,0,34,37,0,224,115,1760,0,0,331,988,0,0,0,3893,0,57,1969,0,0,2608,1210,47,867,0,0,34483,0,16632,0,0,42,7982,462,5
2023,3,Chaco,4089,0,234,2,0,462,780,3280,167,385,3772,5692,442,702,1,11729,0,137,3670,0,0,3088,0,771,2210,19,18,30090,0,42557,659,0,1115,23466,1957,126
2023,3,Chubut,16578,8,69,34,836,634,3198,5912,11441,5325,4373,14185,44,12934,27,17903,1,8285,13631,0,0,2445,7459,5560,7578,0,17,28355,0,1014,0,0,1,48,1,0
2023,3,Córdoba,16934,2,87,10,83,8608,7892,29988,4897,11680,8569,63208,2654,14055,2317,77224,87,9104,21486,134,58,21449,2,20476,5562,8,212,222264,4951,290685,75,16,460,196048,22676,1942
2023,3,Corrientes,7976,0,10,57,118,2867,2959,5843,480,1741,2751,7036,0,5016,0,15890,0,2,1309,1108,0,3075,0,1277,3314,0,0,30280,0,35317,1060,0,2097,25539,2172,182
2023,3,Entre Ríos,0,1,20,86,113,4397,4822,7970,390,2529,6595,16656,1138,2420,0,46421,0,1639,5493,1,1,13178,1,762,22196,0,0,36807,51,60217,816,1,1755,51995,4262,413
2023,3,Formosa,359,1,49,35,0,208,1500,10152,0,3297,1587,5383,108,137,0,11452,0,40,1356,0,0,3649,0,8,270,2,21,766,0,9576,0,0,0,10587,711,60
2023,3,Jujuy,2028,0,26,32,0,1436,1640,3186,0,2890,5124,2845,10,946,0,11027,0,23494,410,0,4,5048,0,8,279,0,0,44326,0,7991,0,0,1,3954,341,8
2023,3,La Pampa,1613,3,6,62,143,1215,3006,6706,2327,2460,2198,31032,516,1562,0,16160,73,1,5817,0,0,8785,0,64,4020,1,2119,21829,1690,4772,1037,0,1,407,108,2
2023,3,La Rioja,0,0,9,9,0,459,8,480,0,2,173,954,0,85,0,1904,22,15552,352,0,0,8921,297,0,4503,0,0,36211,0,10909,0,0,137,6123,585,6
2023,3,Mendoza,5524,2,86,16,737,2211,3339,4182,10699,1659,1093,13916,15,10780,1279,8868,0,4670,19102,0,0,6864,695,156,53351,0,3,111582,1,26781,0,0,119,7701,467,11
2023,3,Misiones,8892,0,47,4,0,3302,11038,4307,4,1742,5157,10705,2603,45,4,19663,4,120,2435,1,1,9337,0,8,3873,0,71,33775,19,45096,494,0,4079,25364,1718,178
2023,3,Neuquén,13259,1,62,107,458,523,1677,6552,10737,1423,8320,9049,246,6160,0,7531,0,2635,4788,0,0,4158,0,59,13970,0,65,10752,8,31212,0,4,0,26904,3308,298
2023,3,Río Negro,14957,1,36,75,501,560,2454,6028,7796,1303,3058,8562,0,10908,1,4105,18,3315,9779,0,3,8067,0,11819,16162,0,102,5897,184,19396,103,1,9,16736,1206,131
2023,3,Salta,6799,0,41,74,1,1189,1539,6267,8,8365,4939,8187,330,6870,0,59860,0,88,1687,0,4,2279,11,2,80,0,74,28966,0,37144,357,0,1,28138,2001,199
2023,3,San Juan,22628,0,21,3,723,1298,606,4403,11509,1048,242,3282,86,9292,9,3495,0,935,10727,0,0,902,724,339,10448,0,0,19331,1,1142,0,0,0,467,3,0
2023,3,San Luis,8484,0,59,1,163,465,491,2773,1418,1,343,6372,4,2622,112,21080,0,7604,1836,0,0,1486,0,74779,137,0,35,4892,0,1244,0,0,0,469,25,11743
2023,3,Santa Cruz,0,4,26,20,218,6504,1795,2534,2001,479,1839,1964,1,2324,6,8522,0,1494,4271,0,725,3075,39,1454,2157,516,12,5419,0,422,0,0,0,0,0,0
2023,3,Santa Fe,17806,32,335,101,5,7169,6232,25331,172,5288,20053,28300,5844,11566,1440,149861,0,1123,22896,33,8,41354,39,7925,12512,58,2015,157880,303,198040,852,1499,9810,143541,10896,777
2023,3,Santiago Del Estero,950,2,39,139,908,291,381,5459,0,1220,410,7323,352,87,0,54064,0,21206,367,0,0,6883,0,17,789,0,41,2961,1,8350,0,0,0,8531,793,16
2023,3,Tierra Del Fuego,5020,0,11,11,318,516,2,3,3740,1872,420,4513,0,8305,4,4422,0,11215,8738,0,228,203,998,3915,272,254,114,2682,60,294,0,28,1,570,0,0
2023,3,Tucumán,671,0,19,20,0,1236,118,5861,2271,448,1013,10667,146,146,2,24732,0,13218,2439,0,0,9865,537,84,1011,12,2,76119,1,70315,0,0,3,41218,3460,28
2023,2,Buenos Aires,125147,18,25815,169,4611,17899,19520,43554,41735,13365,27327,75439,11286,63826,688,157372,10,21114,94414,231,1080,124540,106,42701,782651,1373,5574,504344,75495,865122,496,484778,7739,1060257,149680,156691
2023,2,Capital Federal,0,31,451,34,1307,4111,249,3971,11975,994,3547,9017,7,16864,3,34541,5,92,29730,5,0,7537,0,433,58579,24,238,66357,17314,375600,30,147085,3301,553467,86440,68405
2023,2,Catamarca,70,0,34,37,0,176,115,1644,0,1,332,780,0,0,0,3424,0,31,1901,0,0,2272,914,47,861,0,0,35211,0,17716,0,0,42,8099,372,20
2023,2,Chaco,3816,0,234,2,0,416,780,2925,167,385,5115,4784,106,700,1,8237,0,137,3421,0,0,1975,0,3435,2294,19,0,33117,0,55941,650,0,1053,23172,1610,150
2023,2,Chubut,16640,8,69,34,836,247,1870,5642,11441,6185,4369,14321,76,13374,21,18414,1,5603,13739,141,0,3484,8047,5560,7643,0,29,31184,2,1255,0,0,1,158,3,0
2023,2,Córdoba,14710,2,87,10,83,7973,7589,25408,4897,10133,8411,53772,1818,10313,714,74948,88,7337,19975,134,58,19378,2,23046,6694,8,1368,242593,5952,295368,891,27,11502,198178,18929,3190
2023,2,Corrientes,6242,0,10,57,118,2572,1721,5092,480,1718,2751,6875,0,4890,0,11640,0,8,1673,3548,0,2451,0,1421,589,0,2834,31709,0,37081,1705,0,2442,25789,1851,266
2023,2,Entre Ríos,13975,1,20,86,113,4177,4821,6815,390,2334,5417,14797,358,2399,0,48690,0,1486,5069,1,0,9566,0,863,6383,0,0,40205,0,69813,780,1,2043,51544,3543,708
2023,2,Formosa,302,1,49,35,0,158,1447,10284,0,3296,2059,5047,108,162,0,10654,0,40,1172,0,0,2964,0,9,268,3,13,1361,0,11492,0,0,0,11104,581,109
2023,2,Jujuy,1970,0,26,32,0,1268,1637,2959,0,2889,5128,2351,10,946,0,10327,0,23495,362,0,4,4687,0,8,268,0,0,45106,0,9395,0,0,1,4381,281,19
2023,2,La Pampa,1599,3,6,62,143,1276,2312,6114,2327,2454,2198,29499,516,1562,0,15195,0,1,5102,0,0,10118,0,1543,3792,1,2900,23478,1939,5863,1290,0,8,474,129,8
2023,2,La Rioja,0,0,9,9,0,407,8,404,0,2,180,742,0,85,0,1481,22,15442,287,0,0,9019,209,0,4503,0,0,36934,0,11474,0,0,137,5936,469,23
2023,2,Mendoza,5566,2,86,16,737,2208,3081,4179,10699,1584,1108,13894,13,10780,1251,8856,0,4467,19102,0,0,6480,626,155,53012,0,4,111499,1,28343,1,0,447,10984,642,33
2023,2,Misiones,8526,0,47,4,0,3173,11019,3874,4,1705,3170,7110,7855,29,0,18485,1,116,1227,0,0,8468,0,8,3649,0,71,37533,19,51195,502,1027,5008,25109,1418,229
2023,2,Neuquén,20168,1,62,73,458,539,1626,5303,10737,1438,7821,8457,246,6119,0,7117,0,3775,5148,0,0,1567,0,259,14327,0,66,8573,7,30680,0,4,0,26468,2734,469
2023,2,Río Negro,15576,1,36,75,501,534,677,5428,7796,727,2135,8737,0,11085,1,6555,18,1640,9894,0,3,5636,0,7618,16244,2,33,16821,259,22385,233,33,26,17629,971,228
2023,2,Salta,6646,0,41,73,1,925,1538,5731,8,8365,4873,6837,330,6869,0,57331,0,88,1392,0,4,1707,0,2,75,0,0,29271,0,38867,35,0,1,28286,1664,355
2023,2,San Juan,22755,0,21,3,723,1298,606,4403,11509,251,309,4967,86,9157,9,3778,0,799,9836,0,0,962,627,339,10448,0,0,18638,1,3254,0,0,0,1790,6,0
2023,2,San Luis,5968,0,59,1,163,465,491,2772,1418,2,347,6288,3,2622,49,21080,0,5632,1836,0,0,1485,0,70721,136,0,35,7623,0,1983,0,0,0,740,29,23645
2023,2,Santa Cruz,33803,4,26,20,218,209,724,1259,2001,504,1272,2004,1,2360,4,7212,0,251,6224,0,1,706,31,1454,5592,1139,3,7710,0,1386,0,587,102,0,142,0
2023,2,Santa Fe,16168,32,335,101,5,6412,6337,22748,164,5400,17998,23175,4114,10561,1464,136891,0,1200,25445,31,8,31836,39,12483,16119,41,5817,179739,1892,210827,1219,1621,10211,146478,9107,1317
2023,2,Santiago Del Estero,917,2,39,139,908,226,381,5230,0,1220,409,4881,352,114,0,52745,0,14787,241,0,0,9253,0,18,5778,0,41,6701,1,10229,0,0,0,8542,664,54
2023,2,Tierra Del Fuego,7121,0,11,11,318,516,2,3,3740,1873,430,4121,0,8034,4,1636,0,3518,8105,0,200,216,1280,14491,196,486,7,4035,81,415,0,30,3,670,0,0
2023,2,Tucumán,488,0,19,20,0,927,116,4696,2271,44,1025,8075,146,145,1,19626,0,12926,2031,0,0,8306,514,84,983,12,2,80426,1,75387,0,0,3,41670,2841,148
2023,1,Buenos Aires,95566,18,28411,186,4611,20526,20939,51141,41735,13694,27884,94224,9522,64791,709,188380,10,23952,88111,258,1021,128313,110,45486,777940,1365,3706,465649,443376,950919,455,263702,7763,678615,104112,64364
2023,1,Capital Federal,106867,31,451,34,1307,3193,281,2897,11975,992,3497,9026,7,16651,3,43400,5,11,29425,5,0,5528,0,2202,58712,9,122,76368,108361,399697,14,73852,2727,447883,89932,25315
2023,1,Catamarca,2311,0,34,37,0,221,115,796,0,0,86,1195,1,0,0,4351,0,193,675,0,0,2926,1731,0,876,0,0,31984,0,15287,0,0,42,8051,457,1
2023,1,Chaco,3947,0,234,2,0,544,780,3613,167,385,3636,6532,442,702,1,14045,0,137,4008,0,0,3584,0,768,2263,19,18,29316,0,39776,608,0,1137,23032,2410,49
2023,1,Chubut,20574,8,69,32,836,762,4705,5939,11441,5643,2408,15658,135,12961,59,17792,1,9492,13655,0,0,1892,7210,3901,7578,0,18,26340,0,736,0,0,1,34,1,0
2023,1,Córdoba,33490,2,87,10,83,8761,7636,30638,4897,12479,7135,68803,3808,13608,1905,83735,87,8732,22186,134,58,25853,2,19341,5599,8,220,201550,4937,262974,75,16,18,195440,23661,639
2023,1,Corrientes,8984,0,10,57,118,2956,2959,6355,480,1738,2553,8432,0,5016,0,18404,0,2,1601,1108,0,3638,0,1277,3338,0,0,27046,0,32110,1038,0,1226,23578,2616,72
2023,1,Entre Ríos,0,1,20,86,113,4412,4832,8333,390,2527,6556,18577,1138,2424,0,48102,0,1639,5742,1,1,13284,1,760,21937,0,0,37273,51,47476,832,1,620,43515,3951,138
2023,1,Formosa,702,0,49,35,0,192,1558,10141,0,3296,1686,5335,108,137,0,11677,0,40,1219,0,0,4970,0,8,269,2,17,954,0,8405,0,0,0,9333,829,23
2023,1,Jujuy,2076,0,26,32,0,1598,1639,3698,0,2889,5125,3491,10,946,0,11900,0,23494,539,0,4,5349,0,8,297,0,0,42883,0,7599,0,0,1,3767,367,8
2023,1,La Pampa,16958,1,6,61,143,1256,3087,7755,2327,2460,2198,32301,516,1562,0,9432,73,1,5882,0,0,4569,0,41,4385,1,7,17916,0,3000,0,0,1,312,64,0
2023,1,La Rioja,0,0,9,9,0,502,8,542,0,2,183,1157,0,85,0,2385,22,15644,406,0,0,8479,439,2,4510,0,0,35606,0,9429,0,0,137,6298,549,2
2023,1,Mendoza,21186,1,86,16,737,2208,3215,2956,10699,1659,1474,11416,138,10780,217,9678,0,5357,17418,0,0,7882,7344,158,53714,0,20,95941,1,22212,0,0,20,4679,288,6
2023,1,Misiones,8244,0,47,4,0,3448,11038,4677,4,1742,5158,12143,2603,45,4,19165,4,120,2693,1,1,9060,0,3,3897,0,71,29984,19,42122,452,0,4047,25420,2179,61
2023,1,Neuquén,2267,0,62,106,458,528,1677,6598,10737,1423,8870,9109,246,6280,0,7407,0,2392,4788,0,0,6011,0,59,17788,0,65,11556,8,29926,0,244,48,26571,3895,86
2023,1,Río Negro,29772,0,36,75,501,575,2452,5810,7796,1302,3056,9099,0,10908,1,4262,18,3671,9779,0,3,5226,0,11819,5489,0,104,5450,184,18604,103,1,10,16637,1333,43
2023,1,Salta,6778,0,41,73,1,1095,1537,6461,8,8364,4939,9255,330,6870,0,62236,0,88,2149,0,4,2580,11,1,107,0,74,28737,0,33401,357,0,1,27227,2309,40
2023,1,San Juan,11840,0,21,3,723,1297,1398,11482,11509,860,2108,2694,1122,9391,17,691,0,3222,10662,0,0,915,9283,339,10717,0,3,10312,1,782,0,0,0,355,1,0
2023,1,San Luis,3353,0,59,1,163,461,491,2779,1418,0,345,6647,75,2622,356,21080,0,10283,1836,0,0,1540,0,75773,133,0,35,832,0,216,0,0,0,10,21,4925
2023,1,Santa Cruz,1044,3,26,22,218,6592,2106,2534,2001,826,1840,2221,13,2324,8,9035,0,2008,4188,0,725,2940,85,1454,2165,516,12,4880,0,409,0,0,0,0,0,0
2023,1,Santa Fe,18101,32,335,101,5,7650,7032,28805,172,5321,20329,35799,5739,11622,1440,161907,0,1139,23786,41,8,50012,39,8809,17601,58,1937,141020,303,167110,832,2825,9363,138244,12699,275
2023,1,Santiago Del Estero,993,0,39,139,908,278,380,7313,0,1220,418,11913,1273,86,0,55830,0,16231,476,0,0,4570,0,17,717,0,41,1020,1,6215,0,0,0,7435,724,11
2023,1,Tierra Del Fuego,4575,0,11,11,318,513,1,3,3740,2024,414,4762,0,8517,9,4522,0,11805,9133,0,236,174,193,3511,290,156,111,1482,56,172,0,33,1,339,0,0
2023,1,Tucumán,15126,0,19,20,0,1237,118,6529,2271,448,1225,12788,158,146,8,29317,0,12131,2876,0,0,10557,564,69,1089,12,3,61656,1,59929,0,0,3,39051,3453,26
2022,4,Buenos Aires,97634,18,28724,192,4611,18736,21152,53034,41976,14269,32973,96230,10945,64913,517,204191,10,22677,85876,258,161,135315,88,40387,777236,1365,3790,463798,435439,959951,454,230265,7109,680461,105237,40775
2022,4,Capital Federal,106772,31,451,34,1307,3789,286,3564,11975,991,3427,11077,7,16652,3,47991,5,12,29692,5,0,6622,0,2370,58801,9,122,76732,105156,403684,14,71077,2719,449001,90932,16708
2022,4,Catamarca,2280,0,34,37,0,315,115,979,0,0,71,1551,1,0,0,5027,0,407,742,0,0,3489,2228,1,893,0,0,30388,0,14136,0,0,42,7692,481,0
2022,4,Chaco,3909,0,234,2,0,660,780,3909,167,385,3588,7213,106,702,1,17037,0,137,2808,0,0,3759,0,747,2303,0,18,27538,0,39097,605,0,1126,23573,2636,48
2022,4,Chubut,20026,8,69,32,836,778,5910,5397,11441,5571,2407,15731,155,12646,151,18055,1,14445,18677,0,0,1573,2967,4134,9658,0,18,17350,0,524,0,0,1,26,0,0
2022,4,Córdoba,17610,2,87,10,83,9846,8156,35410,4897,13730,7765,73542,2772,13784,1761,89871,87,8527,25249,134,58,28939,2,15300,5371,8,218,202477,4954,252299,75,16,369,199876,25138,583
2022,4,Corrientes,7998,0,10,57,118,3164,2959,6371,480,1738,1795,9304,0,4584,0,20274,0,2,1773,1108,0,4142,0,425,3359,0,0,25837,0,30979,1013,0,1028,23782,2786,68
2022,4,Entre Ríos,0,1,20,86,113,4609,5452,9830,390,2610,5716,21631,1139,2400,0,43161,0,2828,4657,1,1,13440,1,758,21742,0,0,34033,51,46823,849,1,531,43529,4317,119
2022,4,Formosa,698,0,49,35,0,245,1631,10385,0,3296,1714,5432,108,137,0,12146,0,40,1326,0,0,5358,0,8,306,2,32,946,0,7835,0,0,0,9208,885,18
2022,4,Jujuy,0,0,26,32,0,1763,1639,3947,0,3364,5125,4577,10,1114,0,12946,0,23494,642,0,4,12290,0,29,305,0,0,35579,0,7387,0,0,1,3346,387,8
2022,4,La Pampa,16028,1,6,61,143,1544,3218,7809,2327,3018,2291,33770,516,1789,0,8029,0,15,4386,0,0,4766,0,5,4477,1,123,16423,0,2911,0,0,0,276,25,0
2022,4,La Rioja,0,0,9,9,0,595,8,735,0,2,163,1623,0,85,0,2925,22,15802,475,0,0,8136,519,1,4511,0,0,35334,0,8700,0,0,137,5925,544,2
2022,4,Mendoza,21144,1,86,16,737,2217,3217,3647,10699,1660,1282,13688,1092,10780,239,8244,0,9392,17737,0,0,8806,8547,134,52398,0,24,90754,1,20091,0,0,15,3816,268,4
2022,4,Misiones,8590,0,47,4,0,3510,11038,4823,4,1564,6349,11844,2143,45,4,19181,4,120,3261,1,1,8807,0,3,3198,0,71,26752,19,40599,474,0,4040,26295,2470,57
2022,4,Neuquén,2250,0,62,106,458,536,1677,6634,10737,1476,9144,9146,276,6292,0,7392,0,2177,4788,0,0,6042,0,59,17332,0,65,11443,8,29142,0,204,37,27272,4300,80
2022,4,Río Negro,29644,0,36,75,501,580,2759,6519,7796,2815,2072,10092,0,9287,1,4643,18,3719,9470,0,3,7232,0,7131,5433,0,104,5289,184,17974,103,1,9,16972,1385,33
2022,4,Salta,6747,0,41,73,1,1196,1537,6806,8,8242,4858,10079,303,6872,0,63930,0,72,2032,0,4,2927,11,1,120,0,74,28164,0,31271,357,0,0,27356,2486,39
2022,4,San Juan,11840,0,21,3,723,1304,1398,11491,11509,860,2062,2749,1136,9391,28,692,0,8892,10662,0,0,886,6748,811,10700,0,3,9500,1,401,0,0,0,15,0,0
2022,4,San Luis,3353,0,59,1,163,461,491,2780,1418,0,319,6777,94,2622,504,21464,0,10615,1836,0,0,1530,0,78376,132,0,35,470,0,149,0,0,0,0,20,1548
2022,4,Santa Cruz,1048,3,26,22,218,6592,2106,2535,2001,826,1840,2308,16,2324,9,9160,0,2317,4388,0,725,2944,92,911,2240,516,34,4626,0,210,0,0,0,0,0,0
2022,4,Santa Fe,18340,32,335,101,5,9369,9620,33069,172,5862,21980,45064,5727,10235,1441,177017,0,3200,19066,60,8,50876,39,8787,14216,17,936,128781,303,151980,827,2818,8744,141659,13945,241
2022,4,Santiago Del Estero,989,0,39,139,908,359,380,10355,0,1220,419,13502,1346,86,0,56704,0,13163,533,0,0,4039,0,18,643,0,36,935,0,5521,0,0,0,7102,741,10
2022,4,Tierra Del Fuego,2264,0,11,11,318,584,1,462,3740,2004,410,5032,0,8890,9,4735,0,12055,8957,0,257,96,187,3154,306,87,96,1126,48,127,0,33,0,259,0,0
2022,4,Tucumán,15118,0,19,20,0,1562,118,7621,2271,347,1200,18439,157,146,123,34999,0,12087,2260,0,0,12021,138,115,1121,2,3,59442,1,54843,0,0,3,35619,3593,29
2022,3,Buenos Aires,125147,18,25815,169,4611,17899,19520,43554,41735,13365,27327,75439,11286,63826,688,157372,10,21114,94414,231,1080,124540,106,42701,782651,1373,5574,504344,75495,865122,496,484778,7739,1060257,149680,156691
2022,3,Capital Federal,0,31,451,34,1307,4111,249,3971,11975,994,3547,9017,7,16864,3,34541,5,92,29730,5,0,7537,0,433,58579,24,238,66357,17314,375600,30,147085,3301,553467,86440,68405
2022,3,Catamarca,70,0,34,37,0,176,115,1644,0,1,332,780,0,0,0,3424,0,31,1901,0,0,2272,914,47,861,0,0,35211,0,17716,0,0,42,8099,372,20
2022,3,Chaco,3816,0,234,2,0,416,780,2925,167,385,5115,4784,106,700,1,8237,0,137,3421,0,0,1975,0,3435,2294,19,0,33117,0,55941,650,0,1053,23172,1610,150
2022,3,Chubut,16640,8,69,34,836,247,1870,5642,11441,6185,4369,14321,76,13374,21,18414,1,5603,13739,141,0,3484,8047,5560,7643,0,29,31184,2,1255,0,0,1,158,3,0
2022,3,Córdoba,14710,2,87,10,83,7973,7589,25408,4897,10133,8411,53772,1818,10313,714,74948,88,7337,19975,134,58,19378,2,23046,6694,8,1368,242593,5952,295368,891,27,11502,198178,18929,3190
2022,3,Corrientes,6242,0,10,57,118,2572,1721,5092,480,1718,2751,6875,0,4890,0,11640,0,8,1673,3548,0,2451,0,1421,589,0,2834,31709,0,37081,1705,0,2442,25789,1851,266
2022,3,Entre Ríos,13975,1,20,86,113,4177,4821,6815,390,2334,5417,14797,358,2399,0,48690,0,1486,5069,1,0,9566,0,863,6383,0,0,40205,0,69813,780,1,2043,51544,3543,708
2022,3,Formosa,302,1,49,35,0,158,1447,10284,0,3296,2059,5047,108,162,0,10654,0,40,1172,0,0,2964,0,9,268,3,13,1361,0,11492,0,0,0,11104,581,109
2022,3,Jujuy,1970,0,26,32,0,1268,1637,2959,0,2889,5128,2351,10,946,0,10327,0,23495,362,0,4,4687,0,8,268,0,0,45106,0,9395,0,0,1,4381,281,19
2022,3,La Pampa,1599,3,6,62,143,1276,2312,6114,2327,2454,2198,29499,516,1562,0,15195,0,1,5102,0,0,10118,0,1543,3792,1,2900,23478,1939,5863,1290,0,8,474,129,8
2022,3,La Rioja,0,0,9,9,0,407,8,404,0,2,180,742,0,85,0,1481,22,15442,287,0,0,9019,209,0,4503,0,0,36934,0,11474,0,0,137,5936,469,23
2022,3,Mendoza,5566,2,86,16,737,2208,3081,4179,10699,1584,1108,13894,13,10780,1251,8856,0,4467,19102,0,0,6480,626,155,53012,0,4,111499,1,28343,1,0,447,10984,642,33
2022,3,Misiones,8526,0,47,4,0,3173,11019,3874,4,1705,3170,7110,7855,29,0,18485,1,116,1227,0,0,8468,0,8,3649,0,71,37533,19,51195,502,1027,5008,25109,1418,229
2022,3,Neuquén,20168,1,62,73,458,539,1626,5303,10737,1438,7821,8457,246,6119,0,7117,0,3775,5148,0,0,1567,0,259,14327,0,66,8573,7,30680,0,4,0,26468,2734,469
2022,3,Río Negro,15576,1,36,75,501,534,677,5428,7796,727,2135,8737,0,11085,1,6555,18,1640,9894,0,3,5636,0,7618,16244,2,33,16821,259,22385,233,33,26,17629,971,228
2022,3,Salta,6646,0,41,73,1,925,1538,5731,8,8365,4873,6837,330,6869,0,57331,0,88,1392,0,4,1707,0,2,75,0,0,29271,0,38867,35,0,1,28286,1664,355
2022,3,San Juan,22755,0,21,3,723,1298,606,4403,11509,251,309,4967,86,9157,9,3778,0,799,9836,0,0,962,627,339,10448,0,0,18638,1,3254,0,0,0,1790,6,0
2022,3,San Luis,5968,0,59,1,163,465,491,2772,1418,2,347,6288,3,2622,49,21080,0,5632,1836,0,0,1485,0,70721,136,0,35,7623,0,1983,0,0,0,740,29,23645
2022,3,Santa Cruz,33803,4,26,20,218,209,724,1259,2001,504,1272,2004,1,2360,4,7212,0,251,6224,0,1,706,31,1454,5592,1139,3,7710,0,1386,0,587,102,0,142,0
2022,3,Santa Fe,16168,32,335,101,5,6412,6337,22748,164,5400,17998,23175,4114,10561,1464,136891,0,1200,25445,31,8,31836,39,12483,16119,41,5817,179739,1892,210827,1219,1621,10211,146478,9107,1317
2022,3,Santiago Del Estero,917,2,39,139,908,226,381,5230,0,1220,409,4881,352,114,0,52745,0,14787,241,0,0,9253,0,18,5778,0,41,6701,1,10229,0,0,0,8542,664,54
2022,3,Tierra Del Fuego,7121,0,11,11,318,516,2,3,3740,1873,430,4121,0,8034,4,1636,0,3518,8105,0,200,216,1280,14491,196,486,7,4035,81,415,0,30,3,670,0,0
2022,3,Tucumán,488,0,19,20,0,927,116,4696,2271,44,1025,8075,146,145,1,19626,0,12926,2031,0,0,8306,514,84,983,12,2,80426,1,75387,0,0,3,41670,2841,148
2022,2,Buenos Aires,65849,19,30428,192,4611,23712,24158,62107,41976,13773,32905,119878,11154,70266,275,225103,10,32035,86086,301,17859,137500,25,73929,774956,873,3304,995477,453704,939723,308,125334,734,159743,13781,13640
2022,2,Capital Federal,105607,31,451,35,1307,4673,334,4893,11975,992,3369,14473,7,16652,3,55772,5,3936,29971,5,13681,7774,0,25678,58948,9,123,406963,107522,447629,5,47197,2600,113970,4706,11829
2022,2,Catamarca,2207,0,34,37,0,413,115,1337,0,0,18,2208,2,0,1,6152,0,2179,792,0,0,4194,2236,227,930,0,0,27440,0,14685,0,0,42,1759,0,0
2022,2,Chaco,3708,0,234,2,0,936,780,4695,167,385,3638,7913,106,700,1,19302,0,2133,1796,0,221,4241,0,1543,14442,0,18,46059,0,26030,0,0,0,4113,0,40
2022,2,Chubut,20021,8,69,32,836,608,5486,5184,11441,5529,2415,15749,166,12602,424,18025,1,15228,18743,0,0,318,1791,4134,9590,0,10,14046,0,323,0,0,1,25,0,0
2022,2,Córdoba,13426,2,87,10,83,11888,9012,42534,4897,13430,7973,82447,2575,12207,2198,103492,88,15687,24663,134,3396,27910,2,23571,5158,8,485,360907,5081,220478,223,16,289,31268,0,426
2022,2,Corrientes,7107,0,10,57,118,3819,2959,7270,480,1688,1570,10286,0,2921,0,21921,0,171,1691,1108,201,4830,0,1235,20498,0,0,28844,0,22570,0,0,0,3589,0,53
2022,2,Entre Ríos,16759,1,20,86,113,5543,4659,11198,390,2393,5012,24985,1117,1541,3,45896,0,4337,3636,1,719,9819,0,3378,28995,0,0,56221,0,37479,0,1,0,4973,0,77
2022,2,Formosa,590,0,49,48,0,407,1896,9891,0,3289,3085,5673,26,88,0,19592,0,326,538,0,195,5271,0,317,278,5,16,7583,0,7608,0,0,0,1094,0,16
2022,2,Jujuy,2453,0,26,32,0,1829,1637,5370,0,2855,4736,4860,10,999,0,14781,0,23223,520,0,4,14039,0,361,162,0,0,29231,0,7308,0,0,1,644,0,6
2022,2,La Pampa,3012,1,6,61,143,1744,3758,7920,2327,3412,2420,42524,118,1719,0,8005,0,27,6958,0,0,4815,0,72,5178,1,0,14926,63,2069,36,0,0,24,0,0
2022,2,La Rioja,0,0,9,9,0,728,8,899,0,2,162,2108,1,85,0,3804,22,15641,487,0,0,7664,705,266,4512,0,0,36890,0,11417,0,0,137,473,0,1
2022,2,Mendoza,3940,1,86,16,737,2217,3359,4988,10699,1640,892,22035,1582,10780,1629,8566,0,36586,19422,0,0,8130,11992,143,53578,0,37,58158,2,14986,0,0,16,1925,1,2
2022,2,Misiones,8350,0,47,4,0,3808,11079,5407,4,1622,6237,12905,585,48,6,21073,4,177,3272,1,246,9073,0,979,18797,0,71,39048,19,27583,0,0,3852,3648,0,50
2022,2,Neuquén,18717,0,62,72,458,541,1561,6881,10737,1464,9295,8888,276,7418,0,7372,0,1198,4702,0,765,2539,0,1572,12119,0,57,35827,0,24168,0,142,54,5016,0,62
2022,2,Río Negro,24270,0,36,75,501,726,2935,6758,7796,2944,1900,11031,0,9421,4,8513,18,10313,9226,0,586,7025,0,2815,16128,0,126,19508,104,14538,77,1,34,2074,4,24
2022,2,Salta,6494,0,41,73,1,1529,1553,7972,8,8200,4391,11608,303,5541,0,66817,0,429,2217,0,7,3359,0,1030,141,0,0,48787,0,28182,0,0,0,4472,0,22
2022,2,San Juan,11617,0,21,3,723,1304,1405,11493,11509,860,2024,3094,1174,9391,48,663,0,13529,10662,0,0,458,2601,811,10387,0,3,6215,1,398,0,0,0,13,0,0
2022,2,San Luis,14815,0,59,1,163,143,100,1251,1418,0,119,3952,113,2373,1024,17707,0,9048,1827,0,0,177,0,67438,2,0,8,0,0,0,0,0,0,0,0,0
2022,2,Santa Cruz,644,3,26,23,218,6623,2299,2859,2001,962,1921,2306,20,2318,11,9020,0,6061,4597,0,940,287,275,1865,321,427,35,2869,0,150,0,0,0,0,0,0
2022,2,Santa Fe,17584,32,335,101,5,11752,9722,39653,172,4424,23590,60973,4426,10767,754,188434,0,7412,16306,61,1727,48492,39,23823,34395,9,1763,209832,438,140772,84,767,116,18039,0,196
2022,2,Santiago Del Estero,792,0,39,139,908,493,380,11321,0,1267,385,15921,1450,12,0,58469,0,11111,592,0,0,2903,0,465,418,0,36,4247,0,5882,0,0,0,502,1,4
2022,2,Tierra Del Fuego,3351,0,11,11,318,513,1,8,3740,2133,315,5855,0,9297,20,5511,0,11941,7743,0,207,77,96,1523,128,2,11,832,53,39,0,32,1,0,0,0
2022,2,Tucumán,281,0,19,20,0,2195,119,9000,2271,350,1194,21527,157,145,190,43021,0,6939,2576,0,0,14118,65,3541,1247,1,0,81869,0,58051,0,0,3,5598,1,14
2022,1,Buenos Aires,26280,19,31380,192,5958,24098,24766,65112,50532,13729,34623,124179,11296,74897,231,235043,10,32963,97049,301,20609,139032,25,114692,726501,873,3302,1006534,426428,886665,308,105350,697,139417,13171,11533
2022,1,Capital Federal,1717,31,461,35,1407,4168,316,5393,13670,992,3506,16041,7,18196,3,59184,5,4423,31903,5,15630,9087,0,33645,59618,9,124,420771,100334,427452,5,41444,2590,98441,4408,9345
2022,1,Catamarca,2207,0,34,37,0,456,144,1542,0,0,18,2682,2,0,3,7004,0,3181,841,0,0,4751,2573,228,960,0,0,21877,0,12464,0,0,42,1332,0,0
2022,1,Chaco,7580,0,234,2,0,988,1007,4776,167,368,1757,8788,575,1248,1,19411,0,2161,1603,0,270,16864,0,1853,11170,0,18,36088,0,23289,0,0,0,3540,0,0
2022,1,Chubut,15607,8,73,32,1069,608,5624,18839,12765,5529,2415,16197,180,13196,638,17842,1,13910,18909,0,0,260,1190,4134,9160,0,10,13124,0,282,0,0,1,25,0,0
2022,1,Córdoba,13104,2,88,10,91,12691,9450,44630,4990,14055,8543,84061,2570,12013,2198,109215,88,15722,25064,134,4073,28840,2,28685,6299,8,485,348330,5080,196442,223,16,319,25894,0,2
2022,1,Corrientes,7094,0,10,57,118,3911,2959,7587,480,1688,1558,10291,0,2921,0,22744,0,187,1696,1108,236,23850,0,1262,9204,0,0,20296,0,20220,0,0,0,3100,0,0
2022,1,Entre Ríos,16750,1,20,86,113,5632,4656,11535,390,2393,5015,26086,1117,1541,3,46959,0,4369,3669,1,839,33416,0,4030,17566,0,0,44247,0,33351,0,1,0,4140,0,0
2022,1,Formosa,588,0,49,48,0,448,1951,10028,0,3291,2959,5884,26,88,0,6831,0,331,572,0,228,5482,0,396,324,5,8,7268,0,6829,0,0,0,914,0,0
2022,1,Jujuy,2442,0,26,32,0,1761,3996,5432,0,2858,4736,5119,10,999,0,15312,0,23223,526,0,4,14170,0,359,191,0,0,27838,0,6745,0,0,1,502,0,0
2022,1,La Pampa,2833,1,239,61,476,1747,3700,7930,2460,3412,2432,42693,118,1751,0,8000,0,14,7002,0,2,5026,0,121,5135,0,0,12719,54,1574,33,0,0,11,0,0
2022,1,La Rioja,0,0,9,9,0,778,6,958,0,2,162,2448,0,85,0,4607,22,15379,525,0,0,7698,873,257,4517,0,0,35483,0,9990,0,0,137,358,0,0
2022,1,Mendoza,3287,1,97,16,1135,2220,3360,4996,15731,1640,903,23252,1708,14094,1736,8869,0,44057,22543,0,0,7578,13898,149,45551,0,39,41347,2,13976,0,0,13,1548,1,2
2022,1,Misiones,8349,0,47,4,0,3873,11079,5627,4,1622,4944,12379,366,48,6,21841,4,202,2355,1,299,23993,0,1332,14541,0,71,27132,19,24502,0,0,3852,2947,0,0
2022,1,Neuquén,7885,0,65,72,565,558,1643,6957,11122,1463,9725,8946,276,7998,0,7349,0,824,4627,0,887,4824,0,2156,11796,0,57,33440,0,22038,0,0,52,4345,0,0
2022,1,Río Negro,22652,0,41,75,642,741,2951,6822,9543,2944,1901,11404,0,10335,7,8517,18,9621,9725,0,668,6894,0,3182,13255,0,126,20001,104,13146,77,1,34,1689,4,0
2022,1,Salta,6489,0,41,73,1,1724,1400,9484,8,8187,4422,12075,323,41,0,67882,0,470,2300,0,7,3536,0,1959,270,0,0,48006,0,25214,0,0,0,3603,0,0
2022,1,San Juan,2465,0,23,3,965,1304,1484,11495,13672,910,1653,3142,1187,9999,69,659,0,14270,10443,0,0,431,960,811,10047,0,3,1771,1,398,0,0,0,13,0,0
2022,1,San Luis,28589,0,60,1,222,421,664,968,1833,310,110,4402,127,2147,1544,19,0,7860,1849,0,0,93,0,68612,5,0,1,0,0,1,0,0,0,0,0,0
2022,1,Santa Cruz,485,3,25,23,275,6623,2339,2871,2230,962,1919,2389,21,2422,18,9041,0,6567,4557,0,940,213,450,1865,324,427,34,1865,0,110,0,0,0,0,0,0
2022,1,Santa Fe,18444,32,335,101,6,12429,9857,41360,174,4424,22022,65959,5762,12599,754,189246,0,7886,16270,61,2047,58388,39,27250,30880,9,1763,198721,438,125845,84,768,116,14542,0,0
2022,1,Santiago Del Estero,792,0,39,139,908,493,3308,8448,0,1267,384,16506,1468,12,0,59690,0,10211,655,0,0,2676,0,454,395,0,36,3553,0,4372,0,0,0,347,1,0
2022,1,Tierra Del Fuego,2421,0,13,11,381,513,1,8,3980,2207,403,6250,0,9445,26,6169,0,10791,6942,0,227,74,67,1613,117,2,10,833,47,30,0,28,1,0,0,0
2022,1,Tucumán,273,0,19,20,0,2212,112,9208,2273,350,1191,22894,317,323,236,46085,0,3077,2558,0,0,15378,38,3724,1439,1,0,76585,0,52956,0,0,3,4295,1,1
2021,4,Buenos Aires,22958,18,37635,168,6898,26151,24945,67075,57526,14234,34747,132018,11447,79629,265,239710,10,33883,100203,292,23212,139533,25,151911,697298,873,3285,1008985,402417,850606,17,92146,692,120728,12895,11135
2021,4,Capital Federal,0,31,496,36,1466,4453,323,5914,14576,993,3508,17595,6,19225,3,62665,5,4875,33732,5,17519,9999,0,56832,58100,9,117,433574,95368,401181,5,37492,2591,83686,4128,8397
2021,4,Catamarca,2233,0,34,37,0,457,145,1749,0,350,20,3317,2,0,5,7848,0,3901,558,0,0,5345,2222,240,800,0,0,17813,0,11025,0,0,42,947,0,0
2021,4,Chaco,7585,0,234,2,0,1058,1007,5039,167,368,1757,9425,575,1248,1,20854,0,2186,1629,0,315,17807,0,2301,11402,0,18,35385,0,20157,0,0,0,2864,0,0
2021,4,Chubut,15763,8,86,32,1189,765,6667,19497,13798,5531,2414,15131,209,13734,887,24738,0,18965,12040,0,0,170,486,5059,757,0,9,2217,0,155,0,0,1,0,0,0
2021,4,Córdoba,12607,2,88,10,93,13654,9748,46194,5026,13522,10141,87823,2623,11618,2196,114442,88,16151,25341,134,4687,29831,2,34641,6649,8,474,343465,4842,168050,223,16,312,21088,0,1
2021,4,Corrientes,7082,0,10,57,118,3976,3029,7828,480,1688,1558,10798,0,2921,0,23447,0,215,1676,1108,271,19652,0,2115,7986,0,0,19859,0,17519,0,0,0,2518,0,0
2021,4,Entre Ríos,16583,1,20,86,113,5752,5753,12811,390,2493,4293,27462,1123,1611,3,46899,0,5387,3728,1,936,28243,0,7393,16693,0,0,45133,0,28756,0,1,0,3382,0,0
2021,4,Formosa,1967,0,49,35,0,491,1131,10237,0,2977,2932,5140,2,17,0,6964,0,320,527,0,257,5707,0,817,322,7,19,7119,0,5897,0,0,0,729,0,0
2021,4,Jujuy,2324,0,26,32,0,1706,3270,5355,0,2858,4096,5336,10,999,0,15784,0,23224,528,0,4,14378,0,357,207,0,0,26508,0,6278,0,0,1,432,0,0
2021,4,La Pampa,3027,1,239,61,493,1736,3322,7861,2575,2936,2077,44148,118,1802,0,7162,0,14,7035,0,2,5208,0,153,4674,0,0,10959,40,1142,23,0,0,11,0,0
2021,4,La Rioja,0,0,9,9,0,638,302,1038,0,2,162,2877,0,85,0,5352,22,15342,459,0,0,7736,893,263,4517,0,0,34138,0,8849,0,0,137,298,0,0
2021,4,Mendoza,366,1,139,16,1432,2953,3457,6758,19476,1663,879,29925,1860,17367,1544,9537,0,45845,24069,0,0,5300,12238,147,38840,0,36,31693,1,9333,0,0,14,1246,1,2
2021,4,Misiones,8335,0,47,4,0,4154,12191,5536,4,604,5943,13489,366,312,6,22870,4,223,2411,1,339,23742,0,1800,14173,0,71,26692,19,21621,0,0,3848,2253,0,0
2021,4,Neuquén,7767,0,68,72,614,576,2555,7643,11324,1472,9863,9206,304,7937,0,5023,0,874,4358,0,1000,4282,0,3143,11218,0,57,35451,0,19278,0,0,45,3331,0,0
2021,4,Río Negro,22645,0,50,106,744,744,3008,6856,10574,2942,3037,11642,0,11204,11,8663,0,9339,10477,0,745,10694,0,3810,1974,0,121,21771,68,11243,70,1,33,1112,0,0
2021,4,Salta,6475,0,41,73,1,1729,1401,12397,8,8154,4390,12613,315,41,0,68968,0,510,2332,0,9,3791,0,3256,294,0,0,47350,0,22340,0,0,0,2917,0,0
2021,4,San Juan,4435,0,41,3,1109,1319,1588,4811,14622,910,346,5643,239,10364,88,264,0,13348,10207,0,0,423,13,336,9584,0,0,158,1,106,0,0,0,0,0,0
2021,4,San Luis,29218,0,61,1,264,422,664,970,2065,310,94,4025,123,2277,1857,19,0,7085,1932,0,0,90,0,67363,5,0,1,0,0,0,0,0,0,0,0,0
2021,4,Santa Cruz,491,3,26,23,297,6623,2657,3016,2310,962,1918,2819,24,2474,24,9119,0,7509,4120,0,1,143,654,980,150,216,10,520,0,67,0,0,0,0,0,0
2021,4,Santa Fe,18777,32,335,100,7,13203,11322,46645,174,5144,22416,71376,3765,12141,753,190197,0,8108,14501,61,2351,60600,0,33198,29302,9,1763,195292,438,110862,84,775,0,10926,0,0
2021,4,Santiago Del Estero,793,0,39,139,908,506,3308,8743,0,1267,385,17400,1109,12,0,60403,0,9254,670,0,0,2281,0,438,362,0,30,3397,0,3790,0,0,0,319,1,0
2021,4,Tierra Del Fuego,2580,0,15,11,385,0,1,8,4074,2280,406,6736,0,9720,30,6784,0,9653,6583,0,255,71,43,1622,120,2,10,863,41,39,0,23,1,0,0,0
2021,4,Tucumán,240,0,19,20,0,2220,128,8165,2273,348,1156,23128,321,324,280,47811,2,2149,2568,0,1,16303,13,3797,1516,1,0,75534,0,46536,0,0,1,3782,1,0
2021,3,Buenos Aires,9728,18,37007,168,26751,28020,22661,82744,34703,19725,32406,892626,11519,26604,265,209669,8,35668,26730,561,26343,51884,26,161513,32257,538,2181,990263,423140,810786,50,72034,625,111558,12073,9824
2021,3,Capital Federal,0,31,228,36,374,4567,345,6374,1503,2419,3776,138223,6,865,3,66139,5,5448,3078,5,20021,11228,0,62915,11864,9,118,451342,107242,378251,5,30829,2685,77469,3696,7266
2021,3,Catamarca,2206,0,34,37,0,468,293,1896,0,350,18,3730,2,0,7,8419,0,4252,590,0,0,5675,734,254,671,0,0,16078,0,9770,0,0,42,726,0,0
2021,3,Chaco,7958,0,69,7,0,1130,1007,7347,1186,385,2381,9085,624,990,1,19371,0,2228,1667,0,388,19569,0,2467,11956,0,0,31733,0,15557,0,0,0,2379,7,0
2021,3,Chubut,14907,8,64,32,0,906,4917,19399,68,3581,2453,57949,228,113,1075,24865,0,17620,773,0,0,145,26,5059,235,0,3,1488,0,151,0,0,1,0,0,0
2021,3,Córdoba,9256,2,87,10,66,15190,12228,53335,4709,14756,11663,94547,4132,11567,2190,123382,69,11585,16393,134,5520,31334,2,42337,4965,2,73,316047,13644,129118,35,16,27,16705,0,11
2021,3,Corrientes,5053,0,10,57,118,4071,2949,8098,480,1706,1511,11341,1343,5507,0,21628,0,442,1681,1470,322,20877,68,2324,7309,0,0,19652,0,13630,0,0,0,2170,0,0
2021,3,Entre Ríos,12755,1,20,86,113,5840,5710,13635,390,1490,3734,33466,6239,1627,0,51910,0,5204,3894,1,1040,28975,0,5091,11211,0,1,41662,0,23449,0,1,0,2815,6,3
2021,3,Formosa,1617,0,49,332,0,540,1190,10750,0,2977,2554,4767,2,17,0,7123,0,323,468,0,277,5910,0,858,338,7,3,6985,0,5109,0,0,0,599,0,0
2021,3,Jujuy,2401,0,26,22,0,1699,3288,5841,0,2860,4311,6060,10,169,0,16238,0,22759,567,0,4,14425,0,362,199,0,0,24126,0,5287,0,0,1,292,0,0
2021,3,La Pampa,4152,1,236,61,313,1969,3928,8297,1,2785,1534,46364,5,230,0,7160,0,13,3280,30,35,5379,0,167,3757,0,0,9570,0,780,0,0,0,8,0,0
2021,3,La Rioja,0,0,9,9,0,672,303,1107,0,2,162,3121,0,85,0,5894,22,15046,496,0,0,7751,43,312,4515,0,0,34157,0,8069,0,0,138,247,0,0
2021,3,Mendoza,50,1,19,16,0,1708,2808,5662,13,2283,728,137352,2426,872,1706,7636,0,55998,1670,0,0,4960,3224,144,4241,0,22,15674,2,4697,0,0,15,530,2,1
2021,3,Misiones,8279,0,47,4,0,4371,12204,5452,4,596,5917,13393,359,309,3,24428,4,267,2451,1,389,22966,0,1990,12784,0,71,26147,19,14109,0,0,0,1830,20,0
2021,3,Neuquén,5579,0,40,72,1,623,2581,7704,6942,433,9733,29751,304,4021,0,4241,0,957,316,0,1169,3791,0,3468,201,0,57,36469,0,18253,0,0,11,3075,12,0
2021,3,Río Negro,20009,0,19,106,1,1188,3465,6464,6,2669,5582,50173,0,268,15,3447,0,6593,1,0,853,7433,0,2109,186,0,34,22626,0,10375,0,1,0,960,0,0
2021,3,Salta,6327,0,41,60,1,1790,1726,12261,8,8133,4252,13280,119,53,0,69932,0,502,2252,0,13,4195,0,3562,331,0,0,46903,0,17787,0,0,0,2305,0,0
2021,3,San Juan,4641,0,15,3,0,1333,1626,4811,0,910,342,51184,254,250,102,146,0,13054,69,0,0,127,0,335,5,0,1,158,1,106,0,0,10,0,0,0
2021,3,San Luis,29392,0,59,1,0,439,667,963,2,310,86,9085,122,149,2133,1,0,6409,0,0,0,82,0,67942,2,0,0,0,0,1,0,0,1,0,0,0
2021,3,Santa Cruz,735,3,24,23,0,6656,2661,5910,0,962,1899,12473,29,2,35,8299,0,4561,850,0,1,106,675,980,133,216,5,327,0,67,0,0,0,14,0,0
2021,3,Santa Fe,16267,32,335,100,5,14023,11579,51512,171,5380,28391,82399,6887,9511,738,184114,0,7779,12728,137,2774,60455,0,27421,27810,4,224,186560,43,92822,9,775,6,8428,0,3
2021,3,Santiago Del Estero,898,0,39,84,908,555,3310,8927,0,1372,387,17895,1113,12,0,60713,0,8299,680,0,0,2295,0,450,351,0,30,3225,0,3366,0,0,0,239,1,0
2021,3,Tierra Del Fuego,895,0,6,11,0,83,5,525,0,2354,412,20344,0,5886,36,7475,0,8516,992,0,203,71,0,1355,78,2,9,871,34,41,0,17,1,0,0,0
2021,3,Tucumán,164,0,19,13,0,2356,42,8626,2890,253,745,24631,295,163,320,49515,2,1734,2551,0,1,17698,2,4105,1193,1,0,71122,0,41176,0,0,1,2843,1,7
2021,2,Buenos Aires,9108,18,37007,167,26751,29714,23173,85693,34703,19619,32130,874991,11419,26037,265,206184,8,36992,25403,561,30098,47071,26,210209,27662,538,2218,1273506,47163,854807,52,13715,358,114449,2339,6701
2021,2,Capital Federal,66,31,228,35,374,4760,338,6756,1503,2286,2583,139561,6,864,3,72695,5,6206,3269,5,22593,11781,0,76423,11509,9,121,546744,11745,375497,5,11436,2686,75639,929,5504
2021,2,Catamarca,2206,0,34,37,0,503,278,1936,0,350,0,4152,3,0,11,9077,0,22,589,0,0,6217,4026,214,701,0,0,15744,0,8465,0,0,42,688,0,0
2021,2,Chaco,7958,0,69,7,0,1226,1008,7547,1186,385,2385,9683,624,990,1,19959,0,2270,1621,0,451,19690,0,4081,11999,0,0,31423,0,13493,0,0,0,2287,7,0
2021,2,Chubut,5172,8,64,32,0,929,4916,20964,68,3581,778,58508,243,113,1312,20937,0,15699,802,0,0,103,0,3662,234,0,3,999,0,109,0,0,1,0,0,0
2021,2,Córdoba,9925,2,87,10,66,15625,12735,54071,5074,12287,11913,91491,3928,10100,2059,120415,7,12329,16475,100,6577,31448,2,65793,5135,2,72,308436,13442,104744,35,16,27,14790,0,12
2021,2,Corrientes,5053,0,10,57,118,4211,1721,8443,480,1665,1513,11913,1343,3516,0,22178,0,281,1647,1093,381,21122,0,2746,7327,0,0,20318,0,10450,0,0,0,1914,0,0
2021,2,Entre Ríos,16077,1,20,86,113,5962,6387,14166,390,1221,3447,34856,6239,1627,0,47483,0,5270,3861,3,1224,29110,0,7276,11226,0,1,41138,0,17992,0,1,0,2440,6,3
2021,2,Formosa,1618,0,49,332,0,570,1250,10370,0,2979,2162,5033,2,1,0,7307,0,336,454,0,324,6346,0,979,366,0,3,6849,0,3758,0,0,0,463,0,0
2021,2,Jujuy,2401,0,26,22,0,1722,3288,5924,0,2860,4090,6473,10,169,0,16398,0,22759,558,0,4,14587,0,385,222,0,0,24298,0,5162,0,0,1,278,0,0
2021,2,La Pampa,4062,1,236,61,313,2177,4306,8030,1,2804,1421,45648,5,222,0,7542,0,15,3399,30,38,4646,0,275,3025,0,0,8547,0,611,0,0,0,5,0,0
2021,2,La Rioja,19,0,9,9,0,691,303,1051,0,3,5,3260,0,0,0,5971,0,15046,482,0,0,7770,0,317,4510,0,0,34132,0,7662,0,0,138,224,0,0
2021,2,Mendoza,50,1,19,16,0,1729,2810,5563,13,2291,1059,122680,2460,871,1962,5593,0,52495,1071,0,0,2551,1634,145,2637,0,18,15609,2,4381,0,0,13,520,2,2
2021,2,Misiones,8279,0,47,4,0,4411,11898,5968,4,596,4596,14175,317,309,3,25278,4,298,2051,1,448,23008,0,3495,12659,0,71,25863,19,10715,0,0,0,1565,20,0
2021,2,Neuquén,5645,0,40,72,1,647,2584,7768,6942,433,9870,29795,304,4082,0,4245,0,1068,316,0,1348,3138,0,5768,213,0,57,35477,0,15679,0,0,0,2741,12,0
2021,2,Río Negro,20009,0,19,106,1,1210,3466,6525,6,2669,5587,50449,0,268,19,3376,0,6629,1,0,976,7413,0,3693,187,0,33,21978,0,8705,0,1,1,755,0,0
2021,2,Salta,6328,0,41,60,1,1819,1727,12452,8,8133,4255,14168,119,53,0,66840,0,536,2210,0,17,4336,0,9317,352,0,0,42116,0,14670,0,0,0,2081,0,0
2021,2,San Juan,4641,0,15,3,0,1333,1634,4811,0,910,337,51297,258,250,132,144,0,12361,69,0,0,120,0,335,7,0,1,158,1,106,0,0,10,0,0,0
2021,2,San Luis,36917,0,59,1,0,439,667,963,2,310,68,9303,115,149,2438,1,0,5347,0,0,0,71,0,65946,2,0,0,0,0,1,0,0,1,0,0,0
2021,2,Santa Cruz,735,3,24,23,0,6656,2661,5910,0,962,1900,12506,33,2,57,8371,0,4647,850,0,1,109,463,980,132,216,5,325,0,67,0,0,0,14,0,0
2021,2,Santa Fe,15371,32,335,100,5,13666,12057,52108,171,5830,31578,87173,7515,9580,732,186250,0,8489,12792,137,3348,55618,0,47651,27695,4,231,174933,43,76879,9,775,6,7315,0,3
2021,2,Santiago Del Estero,1566,0,39,84,908,603,3313,8309,0,1372,389,17742,1089,12,0,61123,0,7373,652,0,0,2334,0,458,353,0,30,3228,0,2610,0,0,0,193,1,0
2021,2,Tierra Del Fuego,1483,0,6,11,0,87,5,545,0,2273,342,18083,0,5518,44,1351,0,4325,149,0,40,66,0,430,46,2,10,846,9,20,0,0,1,0,0,0
2021,2,Tucumán,2680,0,19,13,0,2890,28,8888,2890,253,212,24982,153,163,376,50956,2,1291,2358,0,1,20080,0,4001,1021,1,0,69804,0,37208,0,0,0,2598,0,3
2021,1,Buenos Aires,10867,17,36822,100,26560,30497,23811,86423,34867,20736,39503,876701,9996,23194,264,206970,4,48426,21894,558,43339,49495,26,197184,23965,230,2216,1272373,46395,784011,50,13674,359,101580,3129,5808
2021,1,Capital Federal,126,31,74,30,15,5052,336,7405,70,2288,2600,142140,6,22,3,76722,5,8934,2882,5,31236,13395,0,72450,10810,9,121,567488,11745,332733,5,11436,2686,65802,979,3872
2021,1,Catamarca,2196,0,34,37,0,612,278,2113,0,0,12,4408,3,0,12,8440,0,3494,566,0,0,6055,349,0,363,0,0,14899,0,7530,0,0,0,543,22,0
2021,1,Chaco,8384,0,69,7,0,2267,1150,7904,1184,385,1008,10435,624,510,1,20967,0,19542,1584,0,655,5775,0,3717,10779,0,0,29360,0,11152,0,0,0,1895,37,0
2021,1,Chubut,4390,8,66,32,4,930,4716,22102,73,614,773,57883,200,113,1590,19498,0,14444,853,0,0,95,0,2609,235,0,3,999,0,109,0,0,1,0,0,0
2021,1,Córdoba,12677,2,81,10,0,16049,13025,55151,5026,12513,13496,97978,2148,9978,2059,120893,7,15887,16046,100,9742,32863,2,60420,11543,2,68,307401,4642,78438,35,16,27,9979,915,12
2021,1,Corrientes,5453,0,10,57,0,4395,1637,8773,0,1665,1513,14088,0,3513,0,22710,0,17434,1674,1093,572,5396,0,2516,6485,0,0,18572,0,7584,0,0,0,1484,0,0
2021,1,Entre Ríos,12826,1,18,86,0,6549,5124,13731,0,1221,3297,40244,2106,1566,0,52388,0,32156,4002,3,1888,4383,0,6119,9655,0,1,39974,0,12841,0,1,0,1769,6,2
2021,1,Formosa,1942,0,49,7,0,656,1878,10453,0,2978,2101,4343,2,0,0,7567,0,361,486,0,535,6534,0,819,396,0,3,6730,0,2560,0,0,0,286,0,0
2021,1,Jujuy,2378,0,27,22,0,1395,2954,5706,0,2764,4090,7001,10,169,0,17114,0,22759,555,0,4,17331,0,16,552,0,0,19866,0,4783,0,0,0,164,40,0
2021,1,La Pampa,2424,1,236,61,313,2636,4764,11152,0,2470,1403,46016,5,2,0,7857,0,46,4006,30,39,3490,0,266,2421,0,0,6936,0,283,0,0,0,1,0,0
2021,1,La Rioja,0,0,9,9,0,670,1,1182,31588,1,0,3307,0,0,0,5968,0,0,4097,0,0,507,0,0,215,0,0,2456,0,2561,0,0,1,56,0,0
2021,1,Mendoza,44,1,20,7,9,1716,2756,4451,14,1625,1011,122844,2463,872,2454,5427,0,49373,1073,0,0,2087,1350,133,2588,0,16,12558,0,3535,0,0,14,317,50,1
2021,1,Misiones,8256,0,47,4,0,4882,8857,7414,0,596,4308,15416,305,224,3,24971,4,17115,1940,1,731,7309,0,3206,10807,0,71,24012,19,7686,0,0,0,1109,20,0
2021,1,Neuquén,5758,0,45,71,1,525,2220,6864,6938,357,10029,29564,304,3974,0,4165,0,1390,163,0,1958,2392,0,5504,181,0,0,35562,0,12978,0,0,0,2276,12,0
2021,1,Río Negro,20103,0,19,106,0,1134,3367,6286,2,1334,4952,53402,0,268,25,3894,0,6790,1,0,1398,4856,0,3473,174,0,33,22068,0,7048,0,1,0,432,0,0
2021,1,Salta,6319,0,49,60,1,2559,1341,15226,1,4827,1419,15431,0,50,0,68099,0,2085,2209,0,38,4832,0,7726,413,0,0,41684,0,11616,0,0,0,1505,84,0
2021,1,San Juan,4641,0,22,3,1,1191,1937,4821,0,910,284,51489,268,250,197,143,0,11314,69,0,0,111,0,335,5,0,1,158,1,106,0,0,10,0,0,0
2021,1,San Luis,36917,0,57,1,0,439,667,969,2,310,48,9454,116,149,2660,1,0,4365,0,0,0,64,0,62913,2,0,0,0,0,1,0,0,1,0,0,0
2021,1,Santa Cruz,0,3,24,23,0,6688,2661,5910,0,962,1895,10594,39,2,70,8223,0,4744,850,0,1,111,331,980,26,216,5,301,0,62,0,0,0,14,0,0
2021,1,Santa Fe,24382,51,321,146,0,14129,8827,50996,65,5554,27045,95247,4158,8329,732,191239,0,27018,13124,137,4767,46732,0,43129,22355,4,231,170952,43,59445,9,516,6,5396,138,3
2021,1,Santiago Del Estero,4144,0,39,84,908,915,4571,9418,0,845,49,17780,996,0,0,57468,0,5586,620,0,0,2343,0,0,700,0,30,2952,0,1803,0,0,0,80,1,0
2021,1,Tierra Del Fuego,11836,0,6,11,0,94,5,578,0,2377,2,18323,0,14,48,1406,0,4046,156,0,44,71,0,443,43,4,10,878,9,16,0,0,1,0,0,0
2021,1,Tucumán,2680,0,16,13,0,3157,28,9521,2890,253,212,26668,153,163,417,52683,2,1160,2261,0,1,21831,0,118,4070,1,0,67892,0,33613,0,0,0,1817,112,0
2020,4,Buenos Aires,9016,17,36822,100,26560,31669,23678,86552,34867,20237,40469,876573,6873,23127,264,211883,4,50305,22064,558,46692,94517,26,190510,22166,230,2201,1219329,46323,769737,48,13674,361,99391,3079,5403
2020,4,Capital Federal,268,30,75,30,15,5178,337,7591,70,1544,2606,143113,6,22,3,78092,5,9496,2998,5,33676,14028,0,69359,10915,9,121,573217,11745,326034,5,11436,2686,64399,968,3281
2020,4,Catamarca,2309,0,34,37,0,635,278,2819,0,11,1,5099,0,0,95,8645,0,3070,570,0,0,7796,232,0,359,0,0,12502,0,7338,0,0,0,542,22,0
2020,4,Chaco,7965,0,69,7,0,2319,1150,7956,1184,385,957,10807,624,510,1,21344,0,18252,1612,0,715,6223,0,3645,12056,0,0,28481,0,10604,0,0,0,1822,34,0
2020,4,Chubut,4402,8,66,32,4,880,5175,22554,73,550,470,58560,0,94,2170,19560,0,11015,1007,0,0,24,0,2586,232,0,3,999,0,109,0,0,1,0,0,0
2020,4,Córdoba,13568,2,81,36,0,16318,13229,54708,5026,14254,13426,99441,2081,10069,2038,121060,1,16202,16658,100,10547,38699,2,58309,11683,2,68,295730,4638,72740,35,16,22,9451,818,12
2020,4,Corrientes,4985,0,10,57,0,4230,1796,8983,0,1665,1193,14560,0,3513,0,22808,0,16816,1712,1093,629,5437,0,2381,7002,0,0,18193,0,7220,0,0,0,1375,0,0
2020,4,Entre Ríos,14654,1,18,86,0,6681,5185,12614,0,1117,3311,39662,2106,1566,0,49884,0,30230,4151,3,2016,4355,0,5864,10736,0,1,39279,0,12171,0,1,0,1654,6,2
2020,4,Formosa,1680,0,49,7,0,704,1925,10503,0,2979,2092,5337,2,0,0,7604,0,370,487,0,573,5751,0,784,413,0,3,6367,0,2355,0,0,0,221,0,0
2020,4,Jujuy,2811,0,27,22,0,1443,2954,5745,0,2289,4090,7433,10,1,0,14368,0,22759,563,0,4,21604,0,6,440,0,0,13929,0,4423,0,1,0,137,36,0
2020,4,La Pampa,2520,1,236,61,313,2641,4786,11236,0,3110,1402,47250,5,2,0,8117,0,44,3962,30,35,2491,0,266,2031,0,0,5994,0,115,0,0,0,0,0,0
2020,4,La Rioja,0,0,9,9,0,688,0,1214,31589,1,0,3415,0,0,0,6060,0,0,4104,0,0,529,0,0,181,0,0,2392,0,2538,0,0,1,48,0,0
2020,4,Mendoza,2570,1,20,7,9,1825,2761,8268,14,3560,2864,127051,689,871,4143,5469,0,35582,1073,0,0,3741,930,10,2448,0,10,8272,1,2859,0,0,11,266,45,0
2020,4,Misiones,7001,0,47,4,0,3956,7903,7751,0,496,4263,16143,305,201,3,25569,4,16485,1975,1,785,7194,0,3119,11654,0,0,23802,0,7349,0,0,0,1057,20,0
2020,4,Neuquén,5720,0,45,71,1,556,2220,6889,6938,357,10216,29584,294,4010,0,4174,0,1477,163,0,2120,2031,0,5320,181,0,1,35774,0,12805,0,0,0,2172,12,0
2020,4,Río Negro,20146,0,19,106,0,1141,3367,6327,2,1334,4962,53638,0,268,30,3855,0,6791,1,0,1497,4842,0,3346,171,0,32,22157,0,6784,0,1,0,391,0,0
2020,4,Salta,6319,0,49,60,1,2871,1341,15653,1,4827,1385,15878,0,47,0,68782,0,2243,2241,0,35,10669,0,7616,675,0,0,34472,0,10846,0,0,0,1300,79,0
2020,4,San Juan,4588,0,22,3,1,1459,1568,5164,0,716,214,52388,86,23,488,143,0,5003,43,0,0,80,0,327,5,0,1,157,1,106,0,0,10,0,0,0
2020,4,San Luis,36918,0,57,1,0,451,667,1442,2,439,278,10741,0,149,3340,1,0,2688,0,0,0,0,0,62239,2,0,0,0,0,1,0,0,1,0,0,0
2020,4,Santa Cruz,758,3,24,20,0,5375,1646,6184,0,70,2362,11536,0,2,121,4259,0,4427,849,0,1,76,53,959,21,216,5,301,0,62,0,0,0,14,0,0
2020,4,Santa Fe,23602,51,321,146,0,15208,9026,53290,65,5797,26742,96475,3982,7198,653,191960,0,27739,13053,130,5253,48068,0,41545,23608,4,230,164652,43,55493,9,516,6,4995,107,3
2020,4,Santiago Del Estero,3932,0,39,84,908,959,3342,10631,0,845,3,18432,949,0,0,56641,0,2261,628,0,0,1777,0,0,411,0,20,2669,0,1761,0,0,0,68,0,0
2020,4,Tierra Del Fuego,6690,0,6,11,0,98,7,599,0,2409,264,18504,0,4680,52,1387,0,3215,157,0,48,76,0,441,47,4,9,890,9,9,0,0,0,0,0,0
2020,4,Tucumán,2680,0,16,13,0,3251,28,9834,2890,274,215,27522,141,163,351,53679,2,385,2296,0,1,29471,0,34,4071,1,0,58624,0,33135,0,0,0,1718,114,0
2020,3,Buenos Aires,19853,17,36916,609,26560,32611,25065,97388,35939,15952,35165,876242,4718,17558,493,211941,4,57035,15530,109,53774,93294,28,180693,12641,1,779,1199980,76,784820,6,125,117,94505,692,2424
2020,3,Capital Federal,247,30,75,159,15,5404,387,8245,70,1539,1962,144912,13,22,3,85045,5,10916,3353,5,38993,15481,0,66791,11242,9,121,577976,16,328971,5,6376,2592,58622,177,1284
2020,3,Catamarca,2154,0,34,29,0,669,264,2337,0,3,48,4955,0,0,27,8741,0,3262,603,0,0,7330,253,0,309,0,0,11736,0,6638,0,0,0,489,23,0
2020,3,Chaco,7194,0,69,14,0,2625,1737,6147,1184,568,1085,11305,527,308,1,20803,0,18678,1688,0,831,6349,0,2970,10781,0,0,27729,0,9474,0,0,0,1500,26,0
2020,3,Chubut,3942,8,66,84,4,964,5217,22132,73,538,520,58220,0,189,2212,19713,0,11164,1050,0,0,3,0,2586,232,0,0,999,0,110,0,0,1,0,0,0
2020,3,Córdoba,11728,2,81,85,0,16954,13088,54769,5244,15119,13168,102129,4253,5794,1862,112924,1,16577,14529,75,12411,40629,2,52999,10829,2,50,285401,4608,62629,0,16,22,6935,725,1
2020,3,Corrientes,5020,0,10,62,0,6876,2277,10537,0,948,1543,13536,0,515,0,22800,0,17541,1669,0,742,5356,0,2129,6486,0,0,17788,0,6523,0,0,0,1033,0,0
2020,3,Entre Ríos,15759,1,18,111,0,6668,4802,16549,2188,840,2835,35677,2106,844,0,48528,0,30124,3950,3,2278,4442,0,4777,9600,0,0,37675,0,10527,0,1,0,1190,0,0
2020,3,Formosa,1737,0,49,342,0,1698,1426,10254,0,2979,1373,5584,2,0,0,7430,0,189,499,0,673,5764,0,573,418,0,0,6058,0,2047,0,0,0,114,0,0
2020,3,Jujuy,3065,0,27,28,0,7031,5488,7909,0,2283,734,8868,0,0,0,10566,0,22759,592,0,4,21843,0,8,285,0,0,10666,0,3691,0,1,0,102,31,0
2020,3,La Pampa,4029,1,236,56,313,2880,4575,7814,0,4284,1400,46239,6,1,0,7813,0,47,3378,30,39,2083,0,285,1805,0,0,5333,0,0,0,0,0,0,0,0
2020,3,La Rioja,2,0,9,12,0,705,0,1250,31589,1,0,3561,0,0,0,5955,0,0,4131,0,0,529,0,0,124,0,0,2224,0,2495,0,0,0,29,0,0
2020,3,Mendoza,45,1,20,37,9,1656,2488,4419,14,3267,2363,127228,671,876,5115,5461,0,37538,1074,0,0,3821,987,5,2466,0,6,6193,21,1739,0,0,0,167,35,0
2020,3,Misiones,8779,0,47,24,0,4310,7881,7999,0,449,2944,15946,292,221,0,23702,0,17209,2033,0,913,5787,0,2847,10816,0,0,23464,0,6703,0,0,0,787,0,0
2020,3,Neuquén,803,0,45,173,1,812,2404,9803,6938,264,9188,31380,294,2899,0,3368,0,2944,163,0,2461,407,0,5274,183,0,0,36663,0,11016,0,0,0,1748,0,0
2020,3,Río Negro,19093,0,47,67,0,1137,3977,6518,283,1119,5950,50468,0,232,34,3503,0,860,22,0,1775,4439,0,3373,109,0,11,22656,0,5627,0,1,0,165,0,0
2020,3,Salta,14996,0,49,80,1,6086,363,8894,1,280,722,16947,0,41,0,64695,0,2527,2369,0,45,11049,0,7216,712,0,0,33452,0,9354,0,0,0,893,74,0
2020,3,San Juan,4150,0,22,26,1,3684,3257,5013,0,714,268,52783,0,23,570,118,0,6468,43,0,0,18,0,32,9,0,0,80,1,47,0,0,0,0,0,0
2020,3,San Luis,36917,0,57,48,0,402,664,845,2,412,116,9758,0,149,3194,8,0,2659,0,0,0,7,0,61316,5,0,0,0,0,3,0,0,0,0,0,0
2020,3,Santa Cruz,833,3,24,39,0,5415,1674,6088,0,52,2450,11209,0,1,134,3880,0,3632,1131,0,110,82,455,150,24,19,8,80,0,11,0,0,0,0,0,0
2020,3,Santa Fe,27001,51,321,196,0,16309,9533,61421,57,5826,26928,94186,3144,6608,636,188993,0,29295,13087,52,6184,43477,0,38541,20264,3,10,158274,2,47901,1,511,0,3632,86,0
2020,3,Santiago Del Estero,4801,0,39,94,908,963,2381,10087,0,845,1,18704,949,0,0,56469,0,2261,660,0,0,1737,0,0,292,0,30,2313,0,1607,0,0,0,44,0,0
2020,3,Tierra Del Fuego,6992,0,6,5,0,97,4,605,0,2465,263,18660,0,4083,0,1331,0,3439,161,0,52,73,0,450,31,4,11,907,8,6,0,0,0,0,0,0
2020,3,Tucumán,2637,0,16,36,0,3594,28,10107,2890,15,218,28980,143,165,398,53904,2,454,2402,0,0,30268,0,9,3237,1,0,51231,0,31367,0,0,0,1488,107,0
2020,2,Buenos Aires,21233,17,36916,609,26560,32782,24817,95700,50911,16486,34951,878220,7644,16867,493,216332,4,58216,15994,109,62769,96014,28,172263,15818,1,733,1051872,72,761231,6,13,106,77160,610,1699
2020,2,Capital Federal,687,30,75,159,15,5785,395,9068,70,1538,1942,147973,13,21,3,94548,5,12656,3849,5,46384,16959,0,67168,12997,9,121,562968,16,312905,5,6334,2590,47823,163,1047
2020,2,Catamarca,3176,0,34,29,0,730,263,2426,0,0,51,5331,0,0,26,8664,0,2284,654,0,0,7304,171,0,255,0,0,10217,0,5908,0,0,0,431,22,0
2020,2,Chaco,6969,0,69,14,0,3497,988,6241,1184,374,754,12104,527,288,1,20324,0,19681,1873,0,964,6526,0,2883,9199,0,0,25044,0,7125,0,0,0,1124,18,0
2020,2,Chubut,3999,8,66,84,4,925,5074,3925,73,1245,477,57964,0,189,2433,19566,0,9410,1126,0,0,1,0,1241,232,0,0,613,0,1,0,0,0,0,0,0
2020,2,Córdoba,8971,2,81,85,0,17541,13291,55516,5244,14167,11559,104905,4121,3927,1827,116057,1,18038,15214,67,14985,41212,2,52521,10700,2,50,270533,8,48890,0,16,22,5129,576,1
2020,2,Corrientes,5020,0,10,62,0,6938,1296,9832,0,968,1543,14192,0,515,0,22330,0,17885,1826,0,869,5264,0,2164,5734,0,0,16463,0,5201,0,0,0,754,0,0
2020,2,Entre Ríos,14569,1,18,111,0,7625,4167,15504,2188,819,2793,37341,2106,844,0,47690,0,30856,4241,2,2609,4382,0,4616,8240,0,0,34828,0,7808,0,1,0,753,0,0
2020,2,Formosa,1313,0,49,342,0,1881,1465,10240,0,2977,1366,5756,2,0,0,7107,0,208,547,0,755,5488,0,559,402,0,0,5792,0,1641,0,0,0,42,0,0
2020,2,Jujuy,16557,0,27,28,0,7114,3218,7973,0,2283,734,9408,0,0,0,10519,0,22759,661,0,4,3405,0,8,201,0,0,6029,0,3289,0,1,0,72,24,0
2020,2,La Pampa,1123,1,236,56,313,2890,5977,9055,0,3508,1400,48885,6,1,0,7524,0,59,2499,0,4,1238,0,312,1345,0,0,3377,0,0,0,0,0,0,0,0
2020,2,La Rioja,2,0,9,12,0,701,0,1326,31589,1,0,3759,0,0,0,5661,0,0,4150,0,0,536,0,0,73,0,0,1976,0,2339,0,0,0,21,0,0
2020,2,Mendoza,2450,1,20,37,9,1655,2491,4551,14,2366,1997,129210,130,876,6400,5033,0,30426,1078,0,0,3770,818,5,2435,0,4,4145,0,1063,0,0,0,104,31,0
2020,2,Misiones,8646,0,47,24,0,4350,7881,8223,0,449,2944,16544,292,221,0,23206,0,17482,2216,0,1043,5704,0,2845,9460,0,0,22966,0,5185,0,0,0,579,0,0
2020,2,Neuquén,0,0,45,173,1,802,2406,9813,6938,264,9187,32087,294,2899,0,2910,0,3178,163,0,2897,387,0,5126,178,0,0,36326,0,8802,0,0,0,1292,0,0
2020,2,Río Negro,17057,0,47,67,0,1129,3977,7519,283,869,5618,51888,0,232,37,3066,0,974,22,0,2081,4421,0,3162,111,0,11,22467,0,4370,0,1,0,76,0,0
2020,2,Salta,6531,0,49,80,1,6176,804,12754,1,4018,719,17842,0,41,0,64422,0,2863,2559,0,54,11513,0,7033,708,0,0,31070,0,7903,0,0,0,550,71,0
2020,2,San Juan,4430,0,22,26,1,696,1158,3872,0,468,226,52886,0,0,801,116,0,4847,43,0,0,18,0,32,8,0,0,80,0,47,0,0,0,0,0,0
2020,2,San Luis,35992,0,57,48,0,386,664,844,2,409,104,9030,0,149,3428,8,0,1927,0,0,0,7,0,60886,5,0,0,0,0,3,0,0,0,0,0,0
2020,2,Santa Cruz,493,3,24,39,0,5415,1674,6084,0,61,2452,11252,0,1,166,3999,0,3456,1131,0,110,69,372,150,24,19,7,80,0,11,0,0,0,0,0,0
2020,2,Santa Fe,20193,51,321,196,0,17111,8837,56682,57,5830,26761,99503,3144,7217,677,187734,0,32297,13578,139,7392,43169,0,39143,18101,3,10,148016,2,38178,1,511,0,2548,54,0
2020,2,Santiago Del Estero,4516,0,39,94,908,1869,1804,10843,0,693,1,17911,879,0,0,56830,0,2512,726,0,0,1940,0,0,247,0,30,1890,0,1392,0,0,0,16,0,0
2020,2,Tierra Del Fuego,7446,0,6,5,0,102,0,631,0,2533,262,18797,0,3824,0,1362,0,2749,160,0,51,74,0,347,44,0,0,796,0,0,0,0,0,0,0,0
2020,2,Tucumán,2635,0,16,36,0,3509,28,10697,2890,18,185,31798,143,165,8,54221,2,340,2663,0,0,31179,0,0,2246,1,0,44288,0,28809,0,0,0,1179,99,0
2020,1,Buenos Aires,28935,17,37589,609,27537,33467,22621,87388,52219,18799,36030,880715,2345,17585,493,215998,4,57488,16699,109,71327,102324,29,188851,16015,1,671,955468,25,771040,6,14,91,72643,563,1637
2020,1,Capital Federal,0,30,75,159,15,6136,412,9428,70,1539,1992,150371,13,21,3,102217,5,14392,4223,5,53035,18005,0,72493,13411,9,120,546547,16,304359,5,6335,2587,43373,155,1066
2020,1,Catamarca,2151,0,34,29,0,782,263,2451,0,0,0,5342,0,0,46,7497,0,2017,686,0,0,6855,208,0,200,0,0,6796,0,3119,0,0,0,365,19,0
2020,1,Chaco,6917,0,69,14,0,2634,688,6033,1184,374,429,12741,527,288,1,19160,0,20277,2064,0,1090,6420,0,3036,7380,0,0,21733,0,5435,0,0,0,860,10,0
2020,1,Chubut,4500,8,66,84,4,931,5749,4603,73,1107,328,56900,0,189,2995,9773,0,6859,896,0,0,1,0,1240,0,0,0,613,0,1,0,0,0,0,0,0
2020,1,Córdoba,9802,2,81,59,0,18717,13407,56128,5244,12410,10739,104527,4121,3655,1827,110585,1,19893,17324,17,17223,41361,2,54456,11283,2,52,251976,7,40343,0,16,22,3998,443,1
2020,1,Corrientes,4780,0,10,62,0,6222,710,9778,0,968,1384,14944,0,515,0,20867,0,18545,2024,0,993,5117,0,2286,5065,0,0,14373,0,3890,0,0,0,563,0,0
2020,1,Entre Ríos,13762,1,18,111,0,8133,4176,18492,2188,1381,2806,39185,2163,844,0,44125,0,29321,4589,0,2887,4328,0,4842,7146,0,0,32630,0,6264,0,1,0,509,0,0
2020,1,Formosa,100,0,1110,17,191,1965,1469,10171,22,2977,1360,5948,2,0,0,6498,0,221,596,0,823,4924,0,571,393,0,0,5542,0,1358,0,0,0,18,0,0
2020,1,Jujuy,16545,0,27,28,0,7146,5604,7914,0,2396,809,9433,0,0,0,9979,0,22759,703,0,4,3227,0,8,158,0,0,4315,0,2987,0,1,0,26,18,0
2020,1,La Pampa,1618,1,236,56,313,2897,5978,9074,0,3508,1401,50380,6,1,0,7192,0,66,2211,0,4,748,0,350,992,1,0,2030,1,2,5,64,0,0,0,0
2020,1,La Rioja,0,0,9,12,0,641,0,1280,31589,0,0,3700,0,0,0,5158,0,0,4150,0,0,490,0,0,22,0,0,120,0,1174,0,0,0,0,0,0
2020,1,Mendoza,0,1,20,37,9,1696,2071,5113,14,335,3,131209,0,876,10897,512,0,13624,1078,0,0,2787,479,5,2386,0,0,2978,0,655,0,0,0,75,25,0
2020,1,Misiones,10885,0,47,24,0,3342,470,14080,0,449,1509,17296,1,5,0,21265,0,17707,2368,0,1134,5224,0,2949,8632,0,0,21426,0,4318,0,0,0,445,0,0
2020,1,Neuquén,0,0,45,173,1,806,2832,9236,6938,222,8529,31915,181,2899,0,2177,0,3356,141,0,3237,389,0,5229,178,0,0,35321,0,7397,0,0,0,1012,0,0
2020,1,Río Negro,17719,0,47,67,0,1158,4103,7548,283,869,5555,50104,0,232,51,2647,0,1054,22,0,2341,4440,0,3113,113,0,11,21784,0,3633,0,1,0,32,0,0
2020,1,Salta,6441,0,49,80,1,2714,806,12206,1,4018,311,18994,0,41,0,63673,0,3239,2802,0,63,11887,0,7867,758,0,0,27702,0,6703,0,0,0,273,66,0
2020,1,San Juan,4779,0,22,26,1,696,815,3908,0,265,36,54260,0,0,1483,111,0,1234,43,0,0,15,0,32,8,0,0,80,0,47,0,0,0,0,0,0
2020,1,San Luis,36075,0,57,48,0,386,564,839,2,310,4,9217,0,149,4007,8,0,518,0,0,0,7,0,58255,5,0,0,0,0,3,0,0,0,0,0,0
2020,1,Santa Cruz,0,3,25,39,0,5414,1973,6146,0,0,2364,11561,0,1,314,4678,0,2124,1091,0,110,69,372,150,7,19,7,80,0,11,0,0,0,0,0,0
2020,1,Santa Fe,17656,102,321,273,0,18011,8778,57323,57,5739,21604,108647,2898,7167,1853,184908,0,39899,14382,139,8389,41751,0,40772,7684,3,3,138333,2,32602,1,511,0,1784,44,0
2020,1,Santiago Del Estero,4501,0,39,94,908,1646,1050,12951,0,693,4,17306,852,0,0,56032,0,1224,773,0,0,1740,0,0,135,0,12,1517,0,1269,0,0,0,0,1,0
2020,1,Tierra Del Fuego,7046,0,6,5,0,104,0,736,1,2669,215,19252,0,3769,15,1240,0,1559,161,0,59,55,0,172,24,0,0,518,0,0,0,0,0,0,0,0
2020,1,Tucumán,0,0,16,36,0,3747,28,10824,2890,1,154,32008,143,165,8,50067,2,182,2646,0,0,28266,0,0,1730,1,0,38947,0,27401,0,0,0,1092,94,0
2019,4,Buenos Aires,20676,17,32863,609,27537,37696,25900,92503,52219,20252,39989,908827,622,14692,493,246490,4,84580,16657,109,77193,68537,9,419815,31827,1,662,1246405,25,198331,6,14,94,18482,489,230
2019,4,Capital Federal,0,30,118,159,15,6057,429,9920,70,1538,2000,157084,13,21,3,110181,5,30414,4808,5,57078,18542,0,192123,13686,9,118,596830,16,124196,5,6333,2586,22019,151,111
2019,4,Catamarca,3098,0,34,29,0,891,263,2685,0,0,0,6106,0,0,46,7573,0,2017,816,0,0,6472,208,0,596,0,0,4698,0,2532,0,0,0,233,14,0
2019,4,Chaco,6988,0,69,14,0,2894,963,6533,1184,385,13,13927,1,0,1,18957,0,20878,2429,0,1203,6392,0,6193,7323,0,0,15819,0,4534,0,0,0,698,4,0
2019,4,Chubut,4121,8,66,84,4,929,7729,5601,73,1107,328,53638,0,189,2995,9761,0,6718,896,0,0,1,0,1240,0,0,0,613,0,1,0,0,0,0,0,0
2019,4,Córdoba,10350,2,81,59,0,19943,11049,57783,5244,13512,15910,109313,4121,3656,1827,108628,1,31005,18342,17,19311,40646,0,101672,12439,2,52,180882,2,37071,0,16,18,3399,284,3
2019,4,Corrientes,4995,0,10,62,0,6157,710,9907,0,968,1335,15978,0,309,0,20311,0,19006,2308,0,1077,4976,0,4963,5018,0,0,10999,0,3599,0,0,0,505,0,0
2019,4,Entre Ríos,14178,1,19,27,0,8407,4231,20063,2188,2778,2766,47770,85,88,0,44338,0,30568,5053,0,3009,4332,0,11858,7118,0,0,23695,0,5665,0,1,0,403,0,0
2019,4,Formosa,243,0,1110,17,191,2077,1498,10203,22,2978,1408,6420,2,0,0,6317,0,467,692,0,792,4837,0,1381,385,0,0,4502,0,1155,0,0,0,14,0,0
2019,4,Jujuy,14122,0,27,28,0,7300,4950,7756,0,2394,540,9980,0,0,1,9631,0,22759,841,0,0,3164,0,1,101,0,0,2531,0,2733,0,1,0,9,10,0
2019,4,La Pampa,1566,1,236,56,313,3308,6989,10727,0,5091,5317,45315,6,1,0,6893,0,81,1411,0,5,454,0,446,841,1,0,1260,1,1,5,64,0,0,0,0
2019,4,La Rioja,0,0,9,12,0,716,0,1385,31584,0,0,4161,0,0,0,5045,0,0,4236,0,0,527,0,0,22,0,0,80,0,1225,0,0,0,0,0,0
2019,4,Mendoza,6901,1,708,37,9,2172,2307,5069,14,984,3,134590,0,87,10897,1971,0,13923,97,0,0,1217,479,5,1681,0,0,1908,0,564,0,0,0,61,19,0
2019,4,Misiones,11508,0,47,24,0,3486,514,16098,0,449,1236,17881,1,5,0,20834,0,18400,2650,0,1226,5029,0,6986,8640,0,0,16366,0,3921,0,0,0,388,0,0
2019,4,Neuquén,0,0,45,173,1,802,3614,9226,6938,222,8531,28037,181,2899,0,1359,0,3399,141,0,3446,371,0,11881,178,0,0,27256,0,6868,0,0,0,877,0,0
2019,4,Río Negro,17019,0,47,67,0,1267,4274,7691,283,869,5556,51907,0,232,51,2514,0,1822,22,0,2525,4189,0,6849,119,0,11,16465,0,3353,0,1,0,7,0,0
2019,4,Salta,7120,0,69,80,1,2808,1756,12711,1,4018,46,20819,0,16,0,67640,0,4129,3219,0,74,7947,0,9408,4762,0,0,19535,0,6093,0,0,0,130,63,0
2019,4,San Juan,1246,0,22,26,1,663,798,3910,0,265,36,54954,0,0,1483,111,0,1234,43,0,0,15,0,32,8,0,0,80,0,47,0,0,0,0,0,0
2019,4,San Luis,36287,0,57,48,0,386,564,839,2,621,4,9485,0,149,4007,8,0,518,0,0,0,7,0,55210,6,0,0,0,0,3,0,0,0,0,0,0
2019,4,Santa Cruz,350,3,25,39,0,5414,2349,6223,0,611,5915,11856,0,1,314,4031,0,2065,90,0,0,69,0,0,7,0,7,0,0,1,0,0,0,0,0,0
2019,4,Santa Fe,27472,102,323,273,0,19145,10108,60421,57,9760,16634,113746,1500,3067,1274,184823,0,46876,15340,139,9227,41945,0,64176,6822,3,3,102938,1,30121,1,510,0,1424,31,0
2019,4,Santiago Del Estero,5017,0,39,94,908,1731,1050,13101,0,693,4,18025,852,0,0,55457,0,1224,890,0,0,1642,0,0,105,0,12,1184,0,1252,0,0,0,0,1,0
2019,4,Tierra Del Fuego,7789,0,6,5,0,105,0,757,1,2704,204,19822,0,3771,15,1264,0,1578,159,0,56,55,0,115,24,0,0,1962,0,0,0,0,0,0,0,0
2019,4,Tucumán,0,0,19,36,0,4002,388,11771,2890,10,14,35469,4,3,0,52010,2,181,3076,1,0,25656,0,0,6405,0,0,29514,0,26273,0,0,0,831,88,0
2019,3,Buenos Aires,30844,17,238902,1,27602,33499,27450,92105,67187,19428,41131,1168968,647,14661,82,207422,4,121564,10625,0,76846,51361,8,464535,18144,1,556,1067147,20,163198,2,14,5,14214,1,161
2019,3,Capital Federal,0,30,75,0,15,6116,472,10973,70,1541,2048,248836,18,24,3,120879,5,49401,5520,5,60416,22664,0,241434,17162,10,118,515292,16,108687,5,6334,2584,18807,147,73
2019,3,Catamarca,2169,0,34,0,0,1056,242,3911,0,0,48,9235,112,0,1811,7362,0,393,1024,0,0,4916,0,0,72,0,0,15,0,0,0,0,0,0,0,0
2019,3,Chaco,9141,0,69,0,0,3013,962,6967,1184,6163,13,15678,1,10034,1,18162,0,2973,2889,0,1171,6303,0,12549,438,509,0,11914,0,3706,0,0,0,511,0,0
2019,3,Chubut,3353,8,66,0,4,1088,8472,6199,73,1114,349,46221,137,181,3442,9273,0,6445,699,0,0,27,0,1240,0,0,0,613,0,1,0,0,0,0,0,0
2019,3,Córdoba,8065,2,81,0,0,20240,16835,52343,9171,11864,22165,113357,3606,3122,14,99909,1,46083,17244,19,17166,37956,2,135131,11122,2,51,122832,2,31428,0,31,18,2516,0,1
2019,3,Corrientes,6883,0,10,0,0,6341,710,10072,0,7094,1335,17276,0,11068,0,18560,0,1713,2619,0,1099,4917,0,10143,245,538,0,8535,0,3064,0,0,0,401,0,0
2019,3,Entre Ríos,16895,1,18,0,0,8601,4277,20593,2188,12776,4568,51099,207,16470,0,39484,0,4872,5399,0,2473,4320,0,20932,284,349,0,16888,0,5059,0,1,0,294,0,0
2019,3,Formosa,100,0,1110,0,191,2173,1499,9909,1201,2978,237,6797,2,0,0,6047,0,1089,784,0,487,4757,0,1877,385,0,0,3498,0,944,0,0,0,1,0,0
2019,3,Jujuy,14140,0,27,0,0,7248,4928,6992,0,2394,253,10792,0,0,1,9239,0,22759,989,0,0,3087,0,1,55,0,0,1151,0,2517,0,1,0,0,0,0
2019,3,La Pampa,1620,1,236,0,313,7743,6698,21505,0,2300,5242,35337,0,2,0,5920,0,81,1223,0,0,307,0,585,774,1,0,860,1,0,5,64,0,0,0,0
2019,3,La Rioja,0,0,9,0,0,789,0,1519,31588,0,0,4770,0,0,0,4786,0,0,4320,0,0,567,0,0,22,0,0,47,0,1260,0,0,0,0,0,0
2019,3,Mendoza,1563,1,20,0,9,2483,3099,23081,15,49,2828,176526,1752,15,763,428,0,9346,107,0,0,640,274,99,900,0,2,221,0,108,0,8,0,0,0,0
2019,3,Misiones,14990,0,47,0,0,3927,453,16201,0,4752,1006,19119,0,9863,0,19512,0,2210,2985,0,1174,4887,0,15675,432,103,0,12808,0,3447,0,0,0,270,0,0
2019,3,Neuquén,645,0,45,0,1,6458,6455,6614,6938,137,8387,30177,181,3127,0,1278,0,5136,141,1,3407,912,0,16675,256,0,0,21026,0,6158,0,0,0,727,0,0
2019,3,Río Negro,17771,0,47,0,0,2043,4781,5619,283,586,5121,70236,0,90,62,2196,0,3026,22,0,2485,4246,0,10055,148,0,8,12081,0,2955,0,2,0,0,0,0
2019,3,Salta,7412,0,49,0,1,2844,1619,12263,1,3946,21,23365,0,4,0,62226,0,5285,3665,0,6,5353,0,11109,309,0,0,8796,0,3561,0,0,0,0,0,0
2019,3,San Juan,909,0,22,0,1,670,796,4534,0,265,41,62179,243,0,1886,116,0,1137,43,0,0,87,0,33,8,0,0,81,0,47,0,0,0,0,0,0
2019,3,San Luis,36073,0,57,0,0,391,564,1566,2,621,150,15449,123,149,4833,8,0,404,0,0,0,63,0,62238,6,0,0,0,0,3,0,0,0,0,0,0
2019,3,Santa Cruz,540,3,25,0,0,5469,2346,7176,0,612,5163,10930,134,2,673,3663,0,754,66,0,0,383,0,20,7,0,3,0,0,1,0,0,0,0,0,0
2019,3,Santa Fe,27895,102,321,217,2928,19423,9874,58291,5834,17053,15606,121575,1535,12374,1430,177947,0,41392,16120,139,8321,41096,0,80514,3819,458,3,68372,1,26046,1,509,0,1034,0,0
2019,3,Santiago Del Estero,35001,0,39,0,908,1865,1116,14507,0,693,4,18293,831,0,0,54341,0,1006,1041,0,0,1565,0,0,86,0,12,664,0,1159,0,1,0,0,0,0
2019,3,Tierra Del Fuego,9678,0,6,0,0,119,0,856,1,2834,179,28158,0,3212,14,1466,0,1482,160,0,25,89,0,48,34,0,6,218,0,2,0,0,0,0,0,0
2019,3,Tucumán,0,0,16,0,0,3954,382,13093,2890,10,14,50497,45,3,0,47645,2,218,3630,1,0,20503,0,0,843,0,0,3782,0,16602,0,0,0,0,0,0
2019,2,Buenos Aires,43438,0,199768,0,28033,35018,25523,97673,67187,17188,41872,1170617,2299,10389,82,205015,6,326980,11424,0,49607,50539,3,482033,19355,1,500,848879,2,131569,2,10,3,3814,0,101
2019,2,Capital Federal,0,0,74,0,15,6990,1390,12416,70,1018,6799,253699,25,40,7,124015,9,198327,6540,3,11363,23446,1,280548,15612,8,24,378172,10,93525,4,34,4,4144,1,47
2019,2,Catamarca,2151,0,34,0,0,1284,151,4492,0,0,311,10436,112,0,1811,6747,0,393,1202,0,0,4454,0,0,34,0,0,10,0,0,0,0,0,0,0,0
2019,2,Chaco,1492,0,69,0,0,3376,485,7017,1184,6091,4620,17098,1,10034,1,16395,0,7109,3237,0,253,6190,0,14765,583,509,336,6049,0,2741,0,0,0,169,0,0
2019,2,Chubut,4500,0,66,0,4,4013,3839,4218,73,1182,349,59306,137,191,3442,6279,0,769,699,0,0,27,0,72,2,0,0,164,0,1,0,0,0,0,0,0
2019,2,Córdoba,8938,0,81,0,922,21180,15376,52686,19881,12803,12050,121694,3254,2959,14,94285,2,98357,16687,16,4722,37666,2,160216,9949,0,50,48753,0,26341,0,21,0,872,0,0
2019,2,Corrientes,6080,0,10,0,0,6423,669,10326,0,6995,519,18504,0,10896,0,16878,0,5292,2930,0,251,4641,0,11730,198,538,0,3897,0,2472,0,0,0,76,0,0
2019,2,Entre Ríos,17206,0,18,0,0,9944,2606,20490,2188,12689,4100,54575,207,16393,0,35716,0,12956,5833,0,325,4082,0,23968,253,349,0,6247,0,3975,0,1,0,38,0,0
2019,2,Formosa,100,0,1110,0,191,2381,1515,10629,1201,2979,344,7621,2,0,0,5397,0,2930,883,0,11,4560,0,2236,403,0,0,1672,0,586,0,0,0,0,0,0
2019,2,Jujuy,21765,0,27,0,0,2539,4885,7417,0,1,455,11876,0,0,1,8440,0,22759,1151,0,0,2790,0,1,26,0,0,301,0,2296,0,1,0,0,0,0
2019,2,La Pampa,2661,0,236,0,313,8011,6552,22031,0,1901,5243,34644,0,2,0,5189,0,116,1058,0,2,190,0,693,752,1,0,546,1,2,5,64,0,0,0,0
2019,2,La Rioja,0,0,9,0,0,926,2,1779,31589,0,94,5440,0,0,0,4297,0,0,4407,0,0,450,0,0,13,0,0,22,0,1276,0,0,0,0,0,0
2019,2,Mendoza,0,0,20,0,11,2995,5082,23020,15,247,2829,173488,1752,15,763,441,0,9346,110,0,0,636,274,99,893,0,2,153,0,61,0,8,0,0,0,0
2019,2,Misiones,12206,0,47,0,0,4268,259,16924,0,4349,1628,20567,0,9858,0,17527,0,7575,3224,0,254,4355,0,18484,398,103,0,5282,0,2700,0,0,0,22,0,0
2019,2,Neuquén,422,0,302,0,357,3081,873,3459,14139,116,8079,34710,0,2979,0,1709,0,15862,6,0,702,748,0,20974,245,0,0,8827,0,5117,0,0,0,179,0,0
2019,2,Río Negro,18519,0,384,0,96,1557,4370,5125,1049,565,3930,71028,0,90,62,2049,0,9603,22,0,355,311,0,12290,144,0,8,4650,0,2220,0,2,0,0,0,0
2019,2,Salta,7585,0,49,0,1,3308,1523,12883,1,3738,13219,25939,6917,0,0,30006,0,7010,4135,0,0,5816,0,13644,415,0,1,3947,0,2513,0,0,0,0,0,0
2019,2,San Juan,6119,0,22,0,1,220,0,1036,0,0,6,59863,243,0,1886,48,0,704,0,0,0,81,0,1,6,0,0,1,0,3,0,0,0,0,0,0
2019,2,San Luis,37977,0,57,0,0,114,0,766,2,311,150,15334,123,0,4833,8,0,404,0,0,0,63,0,57232,6,0,0,0,0,3,0,0,0,0,0,0
2019,2,Santa Cruz,0,0,25,0,0,128,3,5988,0,611,5162,13053,134,2,673,2997,0,754,66,0,0,382,0,20,8,0,3,0,0,1,0,0,0,0,0,0
2019,2,Santa Fe,22323,0,321,0,2928,20600,9844,58602,6213,16792,17139,176433,1538,11985,1428,110225,0,68392,17496,139,2598,41115,0,96428,3711,458,2,27898,0,20075,1,501,0,273,0,0
2019,2,Santiago Del Estero,34501,0,39,0,908,2004,1117,14930,0,693,26303,19145,11964,0,0,9398,0,1006,1206,0,0,1529,0,0,108,0,12,202,0,990,0,1,0,0,0,0
2019,2,Tierra Del Fuego,0,0,6,0,0,123,0,887,1,2932,163,37841,0,2685,14,1542,0,1416,23,0,29,105,0,20,76,0,6,24,0,2,0,0,0,0,0,0
2019,2,Tucumán,0,0,16,0,0,4491,384,14320,2890,10,608,56345,45,3,0,44248,2,218,4290,1,0,19780,0,0,628,0,0,1496,0,16897,0,0,0,0,0,0
2019,1,Buenos Aires,6369,0,162513,0,29165,43131,38585,100919,72976,12477,27087,1177920,574,10151,82,191704,6,448395,51715,0,25701,50608,3,371475,205840,1,462,605950,2,97074,2,877,0,0,0,0
2019,1,Capital Federal,0,0,74,0,15,7402,1423,14081,84,1019,6905,260275,25,82,7,130893,9,276724,8426,3,19542,25415,1,251662,114056,8,23,212857,10,69971,4,572,0,0,0,0
2019,1,Catamarca,2151,0,34,0,0,1708,6,7065,0,0,342,11348,221,0,0,6222,0,297,1586,0,0,3723,0,0,29,0,0,7,0,0,0,0,0,0,0,0
2019,1,Chaco,1035,0,69,0,0,3801,486,7710,1184,6091,4635,18613,1,10034,0,15597,0,8398,4108,0,386,6073,0,11794,599,509,336,3697,0,1726,0,0,0,0,0,0
2019,1,Chubut,0,0,66,0,4,3934,3377,4090,73,1134,342,62061,134,177,0,6260,0,598,163,0,0,26,0,72,2,0,0,164,0,1,0,0,0,0,0,0
2019,1,Córdoba,6806,0,81,0,994,19409,13585,51551,25913,13089,11574,127057,3052,3132,0,90813,2,134465,21281,0,7564,37368,2,118534,9437,0,2,32271,0,18407,0,21,0,0,0,0
2019,1,Corrientes,0,0,10,0,0,6470,451,10687,0,6995,424,19845,0,10759,0,15803,0,7256,3495,0,386,4361,0,9561,127,538,0,2894,0,1461,0,0,0,0,0,0
2019,1,Entre Ríos,12142,0,18,0,0,9217,2426,23795,2188,19847,4058,54699,185,16394,0,33489,0,17168,7270,0,542,3977,0,17968,178,349,0,4546,0,2669,0,1,0,0,0,0
2019,1,Formosa,0,0,1110,0,191,2832,985,10601,1201,2980,312,7006,2,0,0,5299,0,3551,1128,0,16,4332,0,1498,601,0,0,1446,0,208,0,0,0,0,0,0
2019,1,Jujuy,37162,0,27,0,106,2711,2542,12499,2229,1,309,13147,0,0,1,7810,0,1,1527,0,0,2493,0,1,29,0,0,12,0,1126,0,1,0,0,0,0
2019,1,La Pampa,698,0,236,0,313,8014,6551,25965,0,531,5135,32356,0,2,0,4464,0,186,781,0,3,91,0,631,723,1,2,325,0,3,3,51,0,0,0,0
2019,1,La Rioja,0,0,9,0,0,1169,3,2109,31589,0,103,6481,0,0,0,4088,0,0,4693,0,0,523,0,0,17,0,0,5,0,864,0,0,0,0,0,0
2019,1,Mendoza,0,0,20,0,11,1775,4580,26041,15,246,2981,171520,1635,22,763,417,0,4984,119,0,0,599,1,97,23,0,2,112,0,11,0,3,0,0,0,0
2019,1,Misiones,7654,0,47,0,0,5946,163,17906,0,4349,1558,21290,0,9858,0,16032,0,10771,4010,0,398,3932,0,16188,364,103,0,3510,0,1532,0,0,0,0,0,0
2019,1,Neuquén,6105,0,1328,0,357,2698,845,1104,15162,111,355,34783,0,98,0,1683,0,20184,6,0,1027,235,0,16963,181,0,0,7384,0,3633,0,0,0,0,0,0
2019,1,Río Negro,3719,0,384,0,96,1487,3991,4396,1049,2039,3777,69593,0,90,0,1947,0,12775,22,0,525,293,0,9503,91,0,8,3532,0,1507,0,2,0,0,0,0
2019,1,Salta,1,0,49,0,1,4231,1977,14745,1,200,13232,29089,6917,0,0,29556,0,11504,5189,0,0,6217,0,10493,368,0,1,1285,0,956,0,0,0,0,0,0
2019,1,San Juan,560,0,22,0,1,228,0,4402,0,0,6,57972,225,3,0,38,0,448,0,0,0,72,0,1,2,0,0,1,0,1,0,0,0,0,0,0
2019,1,San Luis,23577,0,57,0,0,120,0,3295,2,284,362,17437,118,10,0,53086,0,286,0,0,0,59,0,1,7,0,0,0,0,0,0,0,0,0,0,0
2019,1,Santa Cruz,0,0,25,0,0,128,3,7305,0,0,1611,13071,138,3,0,2590,0,255,66,0,0,381,0,20,6,0,3,0,0,1,0,0,0,0,0,0
2019,1,Santa Fe,18591,0,333,0,2928,26422,11800,70777,7825,11997,14259,180140,838,21456,10,100655,0,88056,22153,139,4100,38763,0,71654,2905,458,2,21346,0,13548,1,501,0,0,0,0
2019,1,Santiago Del Estero,0,0,39,0,908,2464,1003,16201,0,6,26314,19371,11893,0,0,8798,0,877,1587,0,0,1495,0,0,85,0,0,36,0,458,0,0,0,0,0,0
2019,1,Tierra Del Fuego,0,0,6,0,0,131,0,958,1,5,153,37734,0,1953,5,1665,0,496,24,0,0,121,0,19,61,0,5,24,0,0,0,0,0,0,0,0
2019,1,Tucumán,0,0,16,0,0,5188,280,16326,2890,10,604,62130,46,3,0,42828,2,167,5679,1,0,20361,0,0,847,0,0,377,0,14461,0,0,0,0,0,0
2018,4,Buenos Aires,19125,0,134673,0,30370,43391,37528,101980,78880,12477,14313,1177285,466,10148,82,183730,6,448354,51762,0,25701,51853,3,371447,579019,1,428,185927,2,77268,2,357,0,0,0,0
2018,4,Capital Federal,0,0,74,0,15,7373,1412,14058,92,1051,6395,260273,24,81,5,143199,5,276724,8424,3,19542,25797,1,249810,187857,7,23,121553,8,64869,6,325,0,0,0,0
2018,4,Catamarca,2003,0,34,0,0,1669,6,6703,0,0,296,10950,206,0,0,6219,0,109,1632,0,0,3720,0,0,29,0,0,7,0,0,0,0,0,0,0,0
2018,4,Chaco,0,0,69,0,0,3405,486,7698,1184,6091,4635,16343,1,10034,0,15598,0,8398,4108,0,386,6073,0,11794,599,509,336,3697,0,1726,0,0,0,0,0,0
2018,4,Chubut,1144,0,66,0,4,3913,3357,2639,73,374,251,59367,42,157,0,6016,0,453,62,0,0,16,0,219,404,0,0,164,0,1,0,0,0,0,0,0
2018,4,Córdoba,8903,0,81,0,1429,22673,5490,51962,25805,12657,11344,121217,3021,2054,0,92202,2,134373,21582,0,7564,38118,2,118532,9528,0,2,30355,0,18416,0,21,0,0,0,0
2018,4,Corrientes,0,0,10,0,0,6438,451,9887,0,6995,224,19819,0,10759,0,15803,0,7256,3495,0,386,4361,0,9561,127,538,0,2894,0,1461,0,0,0,0,0,0
2018,4,Entre Ríos,13693,0,18,0,0,8769,2220,20136,2188,19107,3117,48012,122,16386,1,33518,0,17167,7290,0,542,4003,0,17968,178,349,0,4544,0,2668,0,0,0,0,0,0
2018,4,Formosa,0,0,1110,0,191,2883,1000,10464,1201,2979,312,7006,2,0,0,5283,0,3551,1128,0,16,4332,0,1498,594,0,0,1446,0,208,0,0,0,0,0,0
2018,4,Jujuy,43573,0,27,0,106,2697,2542,12499,2229,1,309,13147,0,0,1,7810,0,1,1527,0,0,2493,0,1,29,0,0,12,0,1126,0,1,0,0,0,0
2018,4,La Pampa,923,0,241,0,5355,2372,6453,12465,32968,501,5135,12986,0,3400,0,261,0,186,776,0,3,13,0,1328,0,1,2,190,0,3,3,51,0,0,0,0
2018,4,La Rioja,3,0,9,0,0,1164,3,2109,31589,0,103,6481,0,0,0,4088,0,0,4693,0,0,523,0,0,17,0,0,5,0,864,0,0,0,0,0,0
2018,4,Mendoza,0,0,20,0,11,1452,4182,25165,15,238,1752,166098,1337,18,763,376,0,2337,1888,0,0,501,1,6,22,0,2,113,0,5,0,1,0,0,0,0
2018,4,Misiones,0,0,47,0,0,5981,163,17989,0,4349,1558,19208,0,9858,0,16161,0,10771,4064,0,398,3993,0,16188,378,103,0,3510,0,1532,0,0,0,0,0,0
2018,4,Neuquén,6287,0,1328,0,357,2687,818,1085,15162,110,355,34783,0,98,0,1683,0,20184,6,0,1027,235,0,16963,181,0,0,7384,0,3632,0,0,0,0,0,0
2018,4,Río Negro,3094,0,384,0,96,1129,4217,7095,1049,2039,3760,65252,0,90,0,553,0,12748,40,0,525,127,0,9505,91,0,2,3532,0,1507,0,2,0,0,0,0
2018,4,Salta,0,0,49,0,1,3658,1858,14204,1,200,13232,28997,6917,0,0,29448,0,11504,5189,0,0,6217,0,10493,368,0,1,1285,0,956,0,0,0,0,0,0
2018,4,San Juan,606,0,22,0,1,1464,0,4230,0,0,3,55578,175,3,0,2,0,260,0,0,0,52,0,0,1,0,0,1,0,0,0,0,0,0,0,0
2018,4,San Luis,23635,0,57,0,0,109,0,2811,2,284,257,15810,86,10,0,53087,0,75,0,0,0,44,0,1,63,0,0,0,0,0,0,0,0,0,0,0
2018,4,Santa Cruz,531,0,25,0,0,115,143,7777,0,0,1611,13576,122,3,0,654,0,79,66,0,0,61,0,0,1,0,3,0,0,1,0,0,0,0,0,0
2018,4,Santa Fe,28450,0,335,0,2928,28469,9830,70912,7879,11254,8253,168173,830,21189,0,98990,0,87567,21916,0,4100,38455,0,71585,2831,458,3,21261,1,13558,0,501,0,0,0,0
2018,4,Santiago Del Estero,326,0,39,0,908,2342,1011,18440,0,6,26312,15578,11613,0,0,8514,0,654,1587,0,0,1445,0,0,77,0,0,29,0,454,0,0,0,0,0,0
2018,4,Tierra Del Fuego,0,0,6,0,0,27,0,264,1,5,0,29649,0,6268,0,55,0,9746,0,0,0,148,0,0,24,0,3,10,0,0,0,0,0,0,0,0
2018,4,Tucumán,92,0,16,0,0,5244,298,16372,2890,10,612,61907,29,3,0,42734,2,72,5679,1,0,20357,0,0,847,0,0,377,0,14461,0,0,0,0,0,0
2018,3,Buenos Aires,120987,0,991,0,30986,49473,44241,98158,82470,9242,10818,1200804,2021,10220,89,178475,6,501638,53027,0,31791,49625,2,318906,580007,1,349,175039,1,60543,2,357,0,0,0,0
2018,3,Capital Federal,0,0,73,0,15,8478,1504,15555,234,1051,6453,263122,21,91,5,147136,5,308302,9568,3,24348,26450,1,223746,191289,7,21,113000,8,51660,6,325,0,0,0,0
2018,3,Catamarca,2004,0,34,0,1,1993,6,7180,0,0,300,10989,206,0,0,6152,0,109,1863,0,0,3348,0,0,34,0,0,7,0,0,0,0,0,0,0,0
2018,3,Chaco,1035,0,70,0,0,3503,225,7894,1184,6427,4637,15055,0,9529,0,15387,0,9354,4542,0,450,5989,0,10410,675,516,336,3438,0,1271,0,0,0,0,0,0
2018,3,Chubut,1142,0,67,0,5,3946,3261,2253,74,317,223,84968,42,127,0,5993,0,453,62,0,0,16,0,219,404,0,0,164,0,0,0,0,0,0,0,0
2018,3,Córdoba,8996,0,81,0,2052,22715,6466,49305,28113,11687,9681,119219,2170,1327,0,92875,2,150347,23486,0,9377,38772,11,99190,10143,0,0,25921,0,13897,0,19,0,0,0,0
2018,3,Corrientes,0,0,11,0,0,6754,1786,8841,1,7393,241,20099,0,9394,0,15559,0,8121,3799,0,473,4208,0,8181,176,509,0,2687,0,1089,0,1,0,0,0,0
2018,3,Entre Ríos,546,0,18,0,1,9047,5629,16554,2189,21783,1322,48618,0,14468,1,31182,0,18653,8069,0,650,3981,0,14889,222,344,0,4223,0,2156,0,3,0,0,0,0
2018,3,Formosa,8,0,1110,0,191,3174,875,10547,1201,2980,167,6854,2,0,0,5257,0,3848,1218,0,18,4252,0,1112,617,0,0,1389,0,45,0,0,0,0,0,0
2018,3,Jujuy,38,0,345,0,741,2279,3,8985,7632,0,209,12219,0,0,0,7756,0,0,1717,0,0,2349,0,0,39,0,0,10,0,612,0,1,0,0,0,0
2018,3,La Pampa,780,0,242,0,5777,2640,6050,11838,32697,395,5084,12443,0,3056,0,97,0,251,651,0,3,12,0,1188,1,0,5,147,2,3,0,29,0,0,0,0
2018,3,La Rioja,3,0,9,0,1,1290,3,2250,31590,0,104,6700,0,0,0,4138,0,0,4862,0,0,563,0,0,20,0,0,2,0,337,0,0,0,0,0,0
2018,3,Mendoza,0,0,20,0,13,1512,2234,24977,93,238,1722,168861,1337,18,763,358,0,2337,1890,0,0,500,1,6,30,0,2,113,0,2,0,1,0,0,0,0
2018,3,Misiones,0,0,48,0,0,5749,163,12154,0,4728,1557,18463,0,8675,0,16072,0,12298,4620,3,483,3808,0,14229,445,99,0,3250,0,1179,0,0,0,0,0,0
2018,3,Neuquén,6888,0,1396,0,491,1753,275,386,16298,104,118,38641,0,85,0,1562,0,22355,6,0,1235,189,0,14984,243,0,0,6924,0,2785,0,0,0,0,0,0
2018,3,Río Negro,3707,0,409,0,143,5078,2142,3317,2022,1786,1335,65327,0,73,0,439,0,14136,40,0,651,85,0,8364,133,0,2,3194,0,1108,0,1,0,0,0,0
2018,3,Salta,0,0,116,0,131,3590,1847,13889,16579,200,591,27850,0,7687,0,25095,0,13597,5908,0,0,6077,0,8867,371,0,0,227,0,261,0,0,0,0,0,0
2018,3,San Juan,112,0,22,0,2,1324,0,4230,0,0,3,58292,175,3,0,2,0,260,0,0,0,52,0,0,3,0,0,1,0,0,0,0,0,0,0,0
2018,3,San Luis,1961,0,57,0,0,109,0,2801,17,284,257,15811,86,10,0,52844,0,75,0,0,0,44,0,1,64,0,0,0,0,0,0,0,0,0,0,0
2018,3,Santa Cruz,54,0,26,0,0,116,143,7759,0,0,1611,23302,122,3,0,653,0,79,66,0,0,61,0,0,1,0,3,0,0,0,0,0,0,0,0,0
2018,3,Santa Fe,16439,0,467,0,6701,30085,10517,62246,67576,9621,5513,113738,189,28189,0,87529,0,96737,23378,0,5080,37349,0,59418,3123,445,2,19209,1,10530,0,502,0,0,0,0
2018,3,Santiago Del Estero,258,0,41,0,908,1642,959,18639,24769,0,302,15591,480,11699,0,6937,0,654,1806,0,0,1346,0,16,50,0,0,13,0,250,0,0,0,0,0,0
2018,3,Tierra Del Fuego,1264,0,6,0,1,186,0,1166,1,3668,44,36690,0,196,0,2074,0,216,0,0,0,15,0,0,24,0,3,10,0,0,0,0,0,0,0,0
2018,3,Tucumán,126,0,16,0,1,5992,199,17342,2890,0,624,60504,25,0,0,43257,0,72,6669,0,0,20321,0,0,941,0,0,246,0,11941,0,0,0,0,0,0
2018,2,Buenos Aires,111742,0,1009,0,33052,48302,50912,102430,95340,9162,7880,1193719,2022,10188,89,283158,6,555492,55641,0,39299,165615,2,258066,278799,1,305,148201,1,50030,2,226,0,0,0,0
2018,2,Capital Federal,0,0,73,0,15,9219,1598,16721,236,1051,6502,262202,21,91,5,219049,5,346650,11274,3,30302,57110,1,181824,82996,7,23,103170,8,38721,6,290,0,0,0,0
2018,2,Catamarca,6516,0,34,0,1,2413,4,5507,0,0,286,8827,0,0,0,6112,0,0,2134,0,0,2213,0,0,36,0,0,6,0,0,0,0,0,0,0,0
2018,2,Chaco,1266,0,70,0,0,2968,34,8223,1306,6812,187,17605,0,8915,0,15367,0,10404,5234,0,546,5703,0,8696,588,522,0,3153,0,815,0,0,0,0,0,0
2018,2,Chubut,5041,0,67,0,3084,1387,3341,7767,7745,666,55,66024,0,2553,0,2816,0,4,0,0,0,0,0,3,2,0,0,9,0,0,0,0,0,0,0,0
2018,2,Córdoba,10894,0,81,0,2156,19623,5976,49145,29281,10903,7748,116577,1699,9632,0,91265,2,167082,26345,0,11525,39337,4,74816,4043,0,1,24024,0,10897,0,14,0,0,0,0
2018,2,Corrientes,0,0,11,0,0,7047,1786,9264,1,7792,241,19181,0,8540,0,15526,0,9021,4264,0,560,4081,0,6600,180,488,0,2508,0,734,0,1,0,0,0,0
2018,2,Entre Ríos,546,0,18,0,1,8178,4525,17017,2189,22231,1303,47194,0,12843,1,31726,0,20278,9231,0,771,4001,0,11777,235,335,0,3737,0,1786,0,3,0,0,0,0
2018,2,Formosa,8,0,1110,0,191,3377,866,10547,1201,2980,167,6648,2,0,0,5174,0,4118,1376,0,20,4213,0,813,500,0,0,1211,0,32,0,0,0,0,0,0
2018,2,Jujuy,38,0,345,0,735,2585,3,9277,7832,0,216,11991,0,36,0,8047,0,0,1978,0,0,1999,0,0,44,0,0,6,0,0,0,1,0,0,0,0
2018,2,La Pampa,775,0,244,0,6156,2641,6050,11851,32261,395,5083,12443,0,2312,0,97,0,393,553,0,4,12,0,968,1,0,5,110,2,3,0,29,0,0,0,0
2018,2,La Rioja,3,0,9,0,1,1383,3,2407,31590,0,105,6574,0,0,0,4198,0,0,5092,0,0,548,0,0,20,0,0,2,0,13,0,0,0,0,0,0
2018,2,Mendoza,33808,0,20,0,13,1645,2228,3328,93,255,1,158691,0,16,250,249,0,78,91,0,0,97,0,5,22,0,0,56,0,6,0,0,0,0,0,0
2018,2,Misiones,0,0,48,0,0,6092,163,12727,0,4635,1569,17843,0,7408,0,16161,0,14157,5323,3,583,3681,0,11435,453,96,0,2971,0,778,0,0,0,0,0,0
2018,2,Neuquén,7285,0,1396,0,1071,1337,276,407,23415,104,120,31713,0,810,0,504,0,24743,6,0,1489,179,0,12230,221,0,0,6648,0,1894,0,0,0,0,0,0
2018,2,Río Negro,4081,0,409,0,197,5101,2142,2604,2597,1786,1286,64641,0,73,0,450,0,15567,21,0,808,84,0,6563,127,0,2,2911,0,785,0,0,0,0,0,0
2018,2,Salta,0,0,116,0,131,3859,1849,14509,16692,200,598,27076,0,7730,0,25555,0,15394,6849,0,0,6188,0,6885,368,0,0,83,0,85,0,0,0,0,0,0
2018,2,San Juan,5096,0,22,0,120,1258,0,27,839,0,1,56724,0,3,0,8,0,0,0,0,0,0,0,0,3,0,0,0,0,0,0,0,0,0,0,0
2018,2,San Luis,9298,0,57,0,0,101,0,5,17,284,1,11685,0,10,0,1,0,0,0,0,0,0,0,1,8,0,0,0,0,0,0,0,0,0,0,0
2018,2,Santa Cruz,4900,0,26,0,0,120,143,5669,3120,0,1610,18058,0,2,0,653,0,0,66,0,0,34,0,0,1,0,3,0,0,0,0,0,0,0,0,0
2018,2,Santa Fe,22218,0,744,0,7593,26674,9695,61118,68943,9961,5344,107542,45,27374,0,84724,0,106778,25656,0,6267,36838,0,47280,3307,387,2,17676,1,8280,0,2,0,0,0,0
2018,2,Santiago Del Estero,17594,0,41,0,908,1809,955,5324,24769,0,304,10010,0,11699,0,7022,0,0,2120,0,0,1158,0,16,17,0,0,1,0,28,0,0,0,0,0,0
2018,2,Tierra Del Fuego,1309,0,6,0,1,187,0,1029,1,3668,44,36170,0,196,0,2021,0,71,0,0,0,4,0,0,0,0,0,0,0,0,0,0,0,0,0,0
2018,2,Tucumán,1412,0,16,0,1,6734,199,18359,2890,0,638,57813,0,0,0,44968,0,0,8024,0,0,19035,0,0,1084,0,0,152,0,8632,0,0,0,0,0,0
2018,1,Buenos Aires,105818,0,1514,0,34849,39917,44592,38995,123030,5515,4783,1228837,1806,11235,79,279612,6,607979,47829,112,46193,184556,2,202165,279058,0,10,146463,1,34507,2,2227,0,0,0,0
2018,1,Capital Federal,0,0,89,0,16,10023,889,3142,248,1051,5741,281495,21,92,5,222619,5,381791,433,3,36086,69507,1,144901,83068,7,23,100577,8,25133,6,1601,0,0,0,0
2018,1,Catamarca,6500,0,34,0,1,2895,0,43,0,0,0,14727,0,0,0,6145,0,0,2,0,0,3537,0,0,41,0,0,0,0,0,0,4,0,0,0,0
2018,1,Chaco,1035,0,70,0,0,3261,22,41,1306,6536,7,24604,0,8915,0,15573,0,11516,25,0,639,11116,0,7612,640,522,0,2788,0,373,0,74,0,0,0,0
2018,1,Chubut,5010,0,67,0,3084,1230,1104,7760,7745,534,54,65964,0,2543,0,2815,0,4,0,0,0,0,0,3,2,0,0,9,0,0,0,0,0,0,0,0
2018,1,Córdoba,10049,0,281,0,3024,20898,3313,11366,46043,8596,5207,148290,134,10646,0,93520,2,183902,979,0,13662,67714,0,52725,4423,0,0,22354,0,3773,0,3088,0,0,0,0
2018,1,Corrientes,0,0,11,0,0,5005,1335,85,690,6923,1,28118,0,8540,0,15498,0,9977,9,0,645,8437,0,5705,185,488,0,2283,0,341,0,13,0,0,0,0
2018,1,Entre Ríos,0,0,18,0,1,8860,4872,3467,3541,19827,982,57391,0,12878,1,32720,0,22093,15,0,894,14399,0,9571,247,335,0,3253,0,405,0,1019,0,0,0,0
2018,1,Formosa,0,0,1110,0,191,3612,773,732,1202,14,52,7319,0,0,0,5117,0,4346,2,0,27,5686,0,544,547,0,0,994,0,34,0,18,0,0,0,0
2018,1,Jujuy,0,0,345,0,1892,2915,0,4113,6604,0,0,16502,0,36,0,8008,0,0,15,0,0,3910,0,0,49,0,0,0,0,0,0,4,0,0,0,0
2018,1,La Pampa,3503,0,245,0,6738,1381,4766,11013,33662,241,4979,12443,0,1518,0,98,0,630,431,0,6,9,0,613,11,0,0,85,0,3,0,0,0,0,0,0
2018,1,La Rioja,0,0,9,0,1,1484,0,2,31590,0,0,9088,0,0,0,4217,0,0,3650,0,0,2181,0,0,19,0,0,1,0,0,0,0,0,0,0,0
2018,1,Mendoza,33788,0,20,0,13,1649,2228,3326,93,255,0,158697,0,16,250,235,0,78,50,0,0,138,0,5,24,0,0,56,0,6,0,0,0,0,0,0
2018,1,Misiones,0,0,48,0,0,4700,95,1966,1,4635,12,29111,0,7408,0,15883,0,16140,5,0,703,9375,0,9767,474,96,0,2726,0,357,0,19,0,0,0,0
2018,1,Neuquén,6105,0,1396,0,1071,1296,211,313,26896,104,121,31823,0,810,0,501,0,27179,6,0,1687,140,0,9504,214,0,0,6375,0,994,0,0,0,0,0,0
2018,1,Río Negro,3975,0,409,0,197,5136,2142,522,2597,1731,1282,66620,0,73,0,457,0,16971,21,0,920,85,0,4877,122,0,2,2674,0,426,0,0,0,0,0,0
2018,1,Salta,0,0,116,0,131,4328,1220,5010,16692,0,6,37406,0,7730,0,25358,0,17135,188,0,0,13448,0,4817,342,0,0,58,0,0,0,16,0,0,0,0
2018,1,San Juan,5068,0,22,0,1026,32,0,27,1221,0,1,55829,0,3,0,8,0,0,0,0,0,0,0,0,3,0,0,0,0,0,0,0,0,0,0,0
2018,1,San Luis,9284,0,57,0,0,101,0,217,17,0,1,11685,0,10,0,1,0,0,0,0,0,0,0,1,8,0,0,0,0,0,0,0,0,0,0,0
2018,1,Santa Cruz,4267,0,26,0,0,120,143,5669,3120,0,1610,18058,0,2,0,653,0,0,66,0,0,34,0,0,1,0,3,0,0,0,0,0,0,0,0,0
2018,1,Santa Fe,23181,0,1359,0,7593,26046,7668,18033,76682,9413,3879,146333,45,27951,0,80580,0,117089,5850,0,7356,58604,0,36101,3550,387,2,16439,1,3304,0,2504,0,0,0,0
2018,1,Santiago Del Estero,17589,0,41,0,908,2002,845,1349,24872,0,0,14232,0,11710,0,7204,0,0,26,0,0,3423,0,16,19,0,0,0,0,0,0,0,0,0,0,0
2018,1,Tierra Del Fuego,107,0,6,0,279,28,0,6,2519,5,0,31457,0,0,0,2,0,0,0,0,0,0,0,0,0,0,0,0,0,0,0,0,0,0,0,0
2018,1,Tucumán,1305,0,16,0,1,7471,132,156,2890,0,9,75624,0,0,0,45675,0,0,75,0,0,26330,0,0,1218,0,0,0,0,0,0,7082,0,0,0,0
2017,4,Buenos Aires,114182,0,3865,0,35185,19861,29124,26245,142091,3277,4087,1346370,1764,12080,79,250722,4,440198,45163,112,51889,175144,2,153722,183194,0,13,124942,1,24786,2,220,0,0,0,0
2017,4,Capital Federal,0,0,314,0,701,30710,788,1892,4051,1049,5774,503464,19,922,5,283094,5,290212,1217,3,40974,125708,1,117018,62693,7,22,91194,8,19785,6,2589,0,0,0,0
2017,4,Catamarca,2151,0,34,0,1,3181,0,43,198,0,0,15074,0,0,0,5904,0,0,2,0,0,2925,0,0,43,0,0,0,0,0,0,2,0,0,0,0
2017,4,Chaco,1035,0,70,0,1,3431,22,34,1310,6536,8,29234,0,8917,0,15171,0,8521,26,0,723,10853,0,6646,688,522,0,2297,0,259,0,60,0,0,0,0
2017,4,Chubut,0,0,67,0,3086,1227,1104,7760,8261,534,54,65963,0,2543,0,2812,0,4,3,0,0,0,0,3,2,0,0,9,0,0,0,0,0,0,0,0
2017,4,Córdoba,8429,0,291,0,3524,21887,1340,6748,59998,2663,5115,204973,133,10535,0,92224,2,135753,1093,0,15370,65384,0,36394,4651,0,0,19186,0,2577,0,2339,0,0,0,0
2017,4,Corrientes,0,0,11,0,0,5220,1337,43,793,6923,1,31983,0,8585,0,15101,0,7353,21,0,717,7955,0,4860,207,488,0,1814,0,216,0,12,0,0,0,0
2017,4,Entre Ríos,0,0,1685,0,7,9071,3420,1903,14662,11377,984,63120,0,12885,1,32303,0,14708,19,0,1007,14276,0,7704,273,335,0,2721,0,319,0,660,0,0,0,0
2017,4,Formosa,0,0,1110,0,191,3870,122,342,1202,0,52,11502,0,1,0,4866,0,1638,2,0,29,5327,0,397,584,0,0,776,0,31,0,13,0,0,0,0
2017,4,Jujuy,0,0,345,0,2153,3211,0,13,9511,0,0,17042,0,36,0,7685,0,0,15,0,0,3492,0,0,44,0,0,0,0,0,0,3,0,0,0,0
2017,4,La Pampa,3503,0,310,0,7350,1379,1213,3635,43451,1,4979,12774,0,1129,0,98,0,430,343,0,10,9,0,390,11,0,0,68,0,3,0,0,0,0,0,0
2017,4,La Rioja,0,0,9,0,1,1487,0,2,31591,0,0,9184,0,0,0,4083,0,0,3650,0,0,2163,0,0,24,0,0,1,0,0,0,0,0,0,0,0
2017,4,Mendoza,0,0,26,0,14,1642,2228,3326,13169,255,0,158668,0,13,250,175,0,78,63,0,0,137,0,20,28,0,0,56,0,6,0,0,0,0,0,0
2017,4,Misiones,0,0,1053,0,0,3900,18,1909,7,4631,10,35148,0,7414,0,15717,0,12350,6,0,816,9090,0,8585,525,96,0,2348,0,233,0,18,0,0,0,0
2017,4,Neuquén,6105,0,1396,0,1075,1297,212,316,26902,104,122,40380,0,808,0,517,0,20777,7,0,1863,134,0,7327,242,0,0,5579,0,680,0,0,0,0,0,0
2017,4,Río Negro,3719,0,409,0,198,5400,2161,525,3939,267,838,73348,0,73,0,412,0,11382,21,0,1020,79,0,3354,128,0,2,2158,0,245,0,0,0,0,0,0
2017,4,Salta,0,0,636,0,132,4143,15,158,21608,0,6,51497,0,7733,0,25109,0,5668,189,0,0,13111,0,3229,359,0,0,45,0,0,0,10,0,0,0,0
2017,4,San Juan,0,0,22,0,1031,31,0,27,1677,0,1,55820,0,1,0,8,0,0,0,0,0,0,0,0,4,0,0,0,0,0,0,0,0,0,0,0
2017,4,San Luis,1902,0,59,0,1,100,0,5,1136,0,1,11680,0,7,0,1,0,0,0,0,0,0,0,1,7,0,0,0,0,0,0,0,0,0,0,0
2017,4,Santa Cruz,0,0,68,0,0,78,143,2972,6294,0,1610,18054,0,2,0,653,0,0,66,0,0,34,0,0,1,0,3,0,0,0,0,0,0,0,0,0
2017,4,Santa Fe,14119,0,3109,0,7637,26495,3994,10009,93221,8068,3785,190921,45,28663,0,80231,0,81931,5213,0,8289,55895,0,27074,3877,387,2,14755,1,2538,0,1602,0,0,0,0
2017,4,Santiago Del Estero,0,0,41,0,909,2182,13,3,28772,0,0,14756,0,11710,0,7063,0,0,27,0,0,3332,0,16,18,0,0,0,0,0,0,0,0,0,0,0
2017,4,Tierra Del Fuego,0,0,6,0,282,28,0,4,9424,1,0,21905,0,0,0,2,0,0,0,0,0,0,0,0,0,0,0,0,0,0,0,0,0,0,0,0
2017,4,Tucumán,0,0,105,0,1,8163,0,159,8017,0,9,70565,0,0,0,45241,0,0,76,0,0,24242,0,0,1303,0,0,0,0,0,0,4367,0,0,0,0
0,0,0,0,0,0,0,0,0,0,0,0,0,0,0,0,0,0,0,0,0,0,0,0,0,0,0,0,0,0,0,0,0,0,0,0,0,0,0
